,date,item,value
0,1959-01-01,realgdp,2710.349
1,1959-01-01,realcons,1707.4
2,1959-01-01,realinv,286.898
3,1959-01-01,realgovt,470.045
4,1959-01-01,realdpi,1886.9
5,1959-01-01,cpi,28.98
6,1959-01-01,m1,139.7
7,1959-01-01,tbilrate,2.82
8,1959-01-01,unemp,5.8
9,1959-01-01,pop,177.146
10,1959-01-01,infl,0.0
11,1959-01-01,realint,0.0
12,1959-04-01,realgdp,2778.801
13,1959-04-01,realcons,1733.7
14,1959-04-01,realinv,310.859
15,1959-04-01,realgovt,481.301
16,1959-04-01,realdpi,1919.7
17,1959-04-01,cpi,29.15
18,1959-04-01,m1,141.7
19,1959-04-01,tbilrate,3.08
20,1959-04-01,unemp,5.1
21,1959-04-01,pop,177.83
22,1959-04-01,infl,2.34
23,1959-04-01,realint,0.74
24,1959-07-01,realgdp,2775.488
25,1959-07-01,realcons,1751.8
26,1959-07-01,realinv,289.226
27,1959-07-01,realgovt,491.26
28,1959-07-01,realdpi,1916.4
29,1959-07-01,cpi,29.35
30,1959-07-01,m1,140.5
31,1959-07-01,tbilrate,3.82
32,1959-07-01,unemp,5.3
33,1959-07-01,pop,178.657
34,1959-07-01,infl,2.74
35,1959-07-01,realint,1.09
36,1959-10-01,realgdp,2785.204
37,1959-10-01,realcons,1753.7
38,1959-10-01,realinv,299.356
39,1959-10-01,realgovt,484.052
40,1959-10-01,realdpi,1931.3
41,1959-10-01,cpi,29.37
42,1959-10-01,m1,140.0
43,1959-10-01,tbilrate,4.33
44,1959-10-01,unemp,5.6
45,1959-10-01,pop,179.386
46,1959-10-01,infl,0.27
47,1959-10-01,realint,4.06
48,1960-01-01,realgdp,2847.699
49,1960-01-01,realcons,1770.5
50,1960-01-01,realinv,331.722
51,1960-01-01,realgovt,462.199
52,1960-01-01,realdpi,1955.5
53,1960-01-01,cpi,29.54
54,1960-01-01,m1,139.6
55,1960-01-01,tbilrate,3.5
56,1960-01-01,unemp,5.2
57,1960-01-01,pop,180.007
58,1960-01-01,infl,2.31
59,1960-01-01,realint,1.19
60,1960-04-01,realgdp,2834.39
61,1960-04-01,realcons,1792.9
62,1960-04-01,realinv,298.152
63,1960-04-01,realgovt,460.4
64,1960-04-01,realdpi,1966.1
65,1960-04-01,cpi,29.55
66,1960-04-01,m1,140.2
67,1960-04-01,tbilrate,2.68
68,1960-04-01,unemp,5.2
69,1960-04-01,pop,180.671
70,1960-04-01,infl,0.14
71,1960-04-01,realint,2.55
72,1960-07-01,realgdp,2839.022
73,1960-07-01,realcons,1785.8
74,1960-07-01,realinv,296.375
75,1960-07-01,realgovt,474.676
76,1960-07-01,realdpi,1967.8
77,1960-07-01,cpi,29.75
78,1960-07-01,m1,140.9
79,1960-07-01,tbilrate,2.36
80,1960-07-01,unemp,5.6
81,1960-07-01,pop,181.528
82,1960-07-01,infl,2.7
83,1960-07-01,realint,-0.34
84,1960-10-01,realgdp,2802.616
85,1960-10-01,realcons,1788.2
86,1960-10-01,realinv,259.764
87,1960-10-01,realgovt,476.434
88,1960-10-01,realdpi,1966.6
89,1960-10-01,cpi,29.84
90,1960-10-01,m1,141.1
91,1960-10-01,tbilrate,2.29
92,1960-10-01,unemp,6.3
93,1960-10-01,pop,182.287
94,1960-10-01,infl,1.21
95,1960-10-01,realint,1.08
96,1961-01-01,realgdp,2819.264
97,1961-01-01,realcons,1787.7
98,1961-01-01,realinv,266.405
99,1961-01-01,realgovt,475.854
100,1961-01-01,realdpi,1984.5
101,1961-01-01,cpi,29.81
102,1961-01-01,m1,142.1
103,1961-01-01,tbilrate,2.37
104,1961-01-01,unemp,6.8
105,1961-01-01,pop,182.992
106,1961-01-01,infl,-0.4
107,1961-01-01,realint,2.77
108,1961-04-01,realgdp,2872.005
109,1961-04-01,realcons,1814.3
110,1961-04-01,realinv,286.246
111,1961-04-01,realgovt,480.328
112,1961-04-01,realdpi,2014.4
113,1961-04-01,cpi,29.92
114,1961-04-01,m1,142.9
115,1961-04-01,tbilrate,2.29
116,1961-04-01,unemp,7.0
117,1961-04-01,pop,183.691
118,1961-04-01,infl,1.47
119,1961-04-01,realint,0.81
120,1961-07-01,realgdp,2918.419
121,1961-07-01,realcons,1823.1
122,1961-07-01,realinv,310.227
123,1961-07-01,realgovt,493.828
124,1961-07-01,realdpi,2041.9
125,1961-07-01,cpi,29.98
126,1961-07-01,m1,144.1
127,1961-07-01,tbilrate,2.32
128,1961-07-01,unemp,6.8
129,1961-07-01,pop,184.524
130,1961-07-01,infl,0.8
131,1961-07-01,realint,1.52
132,1961-10-01,realgdp,2977.83
133,1961-10-01,realcons,1859.6
134,1961-10-01,realinv,315.463
135,1961-10-01,realgovt,502.521
136,1961-10-01,realdpi,2082.0
137,1961-10-01,cpi,30.04
138,1961-10-01,m1,145.2
139,1961-10-01,tbilrate,2.6
140,1961-10-01,unemp,6.2
141,1961-10-01,pop,185.242
142,1961-10-01,infl,0.8
143,1961-10-01,realint,1.8
144,1962-01-01,realgdp,3031.241
145,1962-01-01,realcons,1879.4
146,1962-01-01,realinv,334.271
147,1962-01-01,realgovt,520.96
148,1962-01-01,realdpi,2101.7
149,1962-01-01,cpi,30.21
150,1962-01-01,m1,146.4
151,1962-01-01,tbilrate,2.73
152,1962-01-01,unemp,5.6
153,1962-01-01,pop,185.874
154,1962-01-01,infl,2.26
155,1962-01-01,realint,0.47
156,1962-04-01,realgdp,3064.709
157,1962-04-01,realcons,1902.5
158,1962-04-01,realinv,331.039
159,1962-04-01,realgovt,523.066
160,1962-04-01,realdpi,2125.2
161,1962-04-01,cpi,30.22
162,1962-04-01,m1,146.5
163,1962-04-01,tbilrate,2.78
164,1962-04-01,unemp,5.5
165,1962-04-01,pop,186.538
166,1962-04-01,infl,0.13
167,1962-04-01,realint,2.65
168,1962-07-01,realgdp,3093.047
169,1962-07-01,realcons,1917.9
170,1962-07-01,realinv,336.962
171,1962-07-01,realgovt,538.838
172,1962-07-01,realdpi,2137.0
173,1962-07-01,cpi,30.38
174,1962-07-01,m1,146.7
175,1962-07-01,tbilrate,2.78
176,1962-07-01,unemp,5.6
177,1962-07-01,pop,187.323
178,1962-07-01,infl,2.11
179,1962-07-01,realint,0.67
180,1962-10-01,realgdp,3100.563
181,1962-10-01,realcons,1945.1
182,1962-10-01,realinv,325.65
183,1962-10-01,realgovt,535.912
184,1962-10-01,realdpi,2154.6
185,1962-10-01,cpi,30.44
186,1962-10-01,m1,148.3
187,1962-10-01,tbilrate,2.87
188,1962-10-01,unemp,5.5
189,1962-10-01,pop,188.013
190,1962-10-01,infl,0.79
191,1962-10-01,realint,2.08
192,1963-01-01,realgdp,3141.087
193,1963-01-01,realcons,1958.2
194,1963-01-01,realinv,343.721
195,1963-01-01,realgovt,522.917
196,1963-01-01,realdpi,2172.5
197,1963-01-01,cpi,30.48
198,1963-01-01,m1,149.7
199,1963-01-01,tbilrate,2.9
200,1963-01-01,unemp,5.8
201,1963-01-01,pop,188.58
202,1963-01-01,infl,0.53
203,1963-01-01,realint,2.38
204,1963-04-01,realgdp,3180.447
205,1963-04-01,realcons,1976.9
206,1963-04-01,realinv,348.73
207,1963-04-01,realgovt,518.108
208,1963-04-01,realdpi,2193.1
209,1963-04-01,cpi,30.69
210,1963-04-01,m1,151.3
211,1963-04-01,tbilrate,3.03
212,1963-04-01,unemp,5.7
213,1963-04-01,pop,189.242
214,1963-04-01,infl,2.75
215,1963-04-01,realint,0.29
216,1963-07-01,realgdp,3240.332
217,1963-07-01,realcons,2003.8
218,1963-07-01,realinv,360.102
219,1963-07-01,realgovt,546.893
220,1963-07-01,realdpi,2217.9
221,1963-07-01,cpi,30.75
222,1963-07-01,m1,152.6
223,1963-07-01,tbilrate,3.38
224,1963-07-01,unemp,5.5
225,1963-07-01,pop,190.028
226,1963-07-01,infl,0.78
227,1963-07-01,realint,2.6
228,1963-10-01,realgdp,3264.967
229,1963-10-01,realcons,2020.6
230,1963-10-01,realinv,364.534
231,1963-10-01,realgovt,532.383
232,1963-10-01,realdpi,2254.6
233,1963-10-01,cpi,30.94
234,1963-10-01,m1,153.7
235,1963-10-01,tbilrate,3.52
236,1963-10-01,unemp,5.6
237,1963-10-01,pop,190.668
238,1963-10-01,infl,2.46
239,1963-10-01,realint,1.06
240,1964-01-01,realgdp,3338.246
241,1964-01-01,realcons,2060.5
242,1964-01-01,realinv,379.523
243,1964-01-01,realgovt,529.686
244,1964-01-01,realdpi,2299.6
245,1964-01-01,cpi,30.95
246,1964-01-01,m1,154.8
247,1964-01-01,tbilrate,3.51
248,1964-01-01,unemp,5.5
249,1964-01-01,pop,191.245
250,1964-01-01,infl,0.13
251,1964-01-01,realint,3.38
252,1964-04-01,realgdp,3376.587
253,1964-04-01,realcons,2096.7
254,1964-04-01,realinv,377.778
255,1964-04-01,realgovt,526.175
256,1964-04-01,realdpi,2362.1
257,1964-04-01,cpi,31.02
258,1964-04-01,m1,156.8
259,1964-04-01,tbilrate,3.47
260,1964-04-01,unemp,5.2
261,1964-04-01,pop,191.889
262,1964-04-01,infl,0.9
263,1964-04-01,realint,2.57
264,1964-07-01,realgdp,3422.469
265,1964-07-01,realcons,2135.2
266,1964-07-01,realinv,386.754
267,1964-07-01,realgovt,522.008
268,1964-07-01,realdpi,2392.7
269,1964-07-01,cpi,31.12
270,1964-07-01,m1,159.2
271,1964-07-01,tbilrate,3.53
272,1964-07-01,unemp,5.0
273,1964-07-01,pop,192.631
274,1964-07-01,infl,1.29
275,1964-07-01,realint,2.25
276,1964-10-01,realgdp,3431.957
277,1964-10-01,realcons,2141.2
278,1964-10-01,realinv,389.91
279,1964-10-01,realgovt,514.603
280,1964-10-01,realdpi,2420.4
281,1964-10-01,cpi,31.28
282,1964-10-01,m1,160.7
283,1964-10-01,tbilrate,3.76
284,1964-10-01,unemp,5.0
285,1964-10-01,pop,193.223
286,1964-10-01,infl,2.05
287,1964-10-01,realint,1.71
288,1965-01-01,realgdp,3516.251
289,1965-01-01,realcons,2188.8
290,1965-01-01,realinv,429.145
291,1965-01-01,realgovt,508.006
292,1965-01-01,realdpi,2447.4
293,1965-01-01,cpi,31.38
294,1965-01-01,m1,162.0
295,1965-01-01,tbilrate,3.93
296,1965-01-01,unemp,4.9
297,1965-01-01,pop,193.709
298,1965-01-01,infl,1.28
299,1965-01-01,realint,2.65
300,1965-04-01,realgdp,3563.96
301,1965-04-01,realcons,2213.0
302,1965-04-01,realinv,429.119
303,1965-04-01,realgovt,508.931
304,1965-04-01,realdpi,2474.5
305,1965-04-01,cpi,31.58
306,1965-04-01,m1,163.1
307,1965-04-01,tbilrate,3.84
308,1965-04-01,unemp,4.7
309,1965-04-01,pop,194.303
310,1965-04-01,infl,2.54
311,1965-04-01,realint,1.3
312,1965-07-01,realgdp,3636.285
313,1965-07-01,realcons,2251.0
314,1965-07-01,realinv,444.444
315,1965-07-01,realgovt,529.446
316,1965-07-01,realdpi,2542.6
317,1965-07-01,cpi,31.65
318,1965-07-01,m1,166.0
319,1965-07-01,tbilrate,3.93
320,1965-07-01,unemp,4.4
321,1965-07-01,pop,194.997
322,1965-07-01,infl,0.89
323,1965-07-01,realint,3.04
324,1965-10-01,realgdp,3724.014
325,1965-10-01,realcons,2314.3
326,1965-10-01,realinv,446.493
327,1965-10-01,realgovt,544.121
328,1965-10-01,realdpi,2594.1
329,1965-10-01,cpi,31.88
330,1965-10-01,m1,169.1
331,1965-10-01,tbilrate,4.35
332,1965-10-01,unemp,4.1
333,1965-10-01,pop,195.539
334,1965-10-01,infl,2.9
335,1965-10-01,realint,1.46
336,1966-01-01,realgdp,3815.423
337,1966-01-01,realcons,2348.5
338,1966-01-01,realinv,484.244
339,1966-01-01,realgovt,556.593
340,1966-01-01,realdpi,2618.4
341,1966-01-01,cpi,32.28
342,1966-01-01,m1,171.8
343,1966-01-01,tbilrate,4.62
344,1966-01-01,unemp,3.9
345,1966-01-01,pop,195.999
346,1966-01-01,infl,4.99
347,1966-01-01,realint,-0.37
348,1966-04-01,realgdp,3828.124
349,1966-04-01,realcons,2354.5
350,1966-04-01,realinv,475.408
351,1966-04-01,realgovt,571.371
352,1966-04-01,realdpi,2624.7
353,1966-04-01,cpi,32.45
354,1966-04-01,m1,170.3
355,1966-04-01,tbilrate,4.65
356,1966-04-01,unemp,3.8
357,1966-04-01,pop,196.56
358,1966-04-01,infl,2.1
359,1966-04-01,realint,2.55
360,1966-07-01,realgdp,3853.301
361,1966-07-01,realcons,2381.5
362,1966-07-01,realinv,470.697
363,1966-07-01,realgovt,594.514
364,1966-07-01,realdpi,2657.8
365,1966-07-01,cpi,32.85
366,1966-07-01,m1,171.2
367,1966-07-01,tbilrate,5.23
368,1966-07-01,unemp,3.8
369,1966-07-01,pop,197.207
370,1966-07-01,infl,4.9
371,1966-07-01,realint,0.33
372,1966-10-01,realgdp,3884.52
373,1966-10-01,realcons,2391.4
374,1966-10-01,realinv,472.957
375,1966-10-01,realgovt,599.528
376,1966-10-01,realdpi,2688.2
377,1966-10-01,cpi,32.9
378,1966-10-01,m1,171.9
379,1966-10-01,tbilrate,5.0
380,1966-10-01,unemp,3.7
381,1966-10-01,pop,197.736
382,1966-10-01,infl,0.61
383,1966-10-01,realint,4.39
384,1967-01-01,realgdp,3918.74
385,1967-01-01,realcons,2405.3
386,1967-01-01,realinv,460.007
387,1967-01-01,realgovt,640.682
388,1967-01-01,realdpi,2728.4
389,1967-01-01,cpi,33.1
390,1967-01-01,m1,174.2
391,1967-01-01,tbilrate,4.22
392,1967-01-01,unemp,3.8
393,1967-01-01,pop,198.206
394,1967-01-01,infl,2.42
395,1967-01-01,realint,1.8
396,1967-04-01,realgdp,3919.556
397,1967-04-01,realcons,2438.1
398,1967-04-01,realinv,440.393
399,1967-04-01,realgovt,631.43
400,1967-04-01,realdpi,2750.8
401,1967-04-01,cpi,33.4
402,1967-04-01,m1,178.1
403,1967-04-01,tbilrate,3.78
404,1967-04-01,unemp,3.8
405,1967-04-01,pop,198.712
406,1967-04-01,infl,3.61
407,1967-04-01,realint,0.17
408,1967-07-01,realgdp,3950.826
409,1967-07-01,realcons,2450.6
410,1967-07-01,realinv,453.033
411,1967-07-01,realgovt,641.504
412,1967-07-01,realdpi,2777.1
413,1967-07-01,cpi,33.7
414,1967-07-01,m1,181.6
415,1967-07-01,tbilrate,4.42
416,1967-07-01,unemp,3.8
417,1967-07-01,pop,199.311
418,1967-07-01,infl,3.58
419,1967-07-01,realint,0.84
420,1967-10-01,realgdp,3980.97
421,1967-10-01,realcons,2465.7
422,1967-10-01,realinv,462.834
423,1967-10-01,realgovt,640.234
424,1967-10-01,realdpi,2797.4
425,1967-10-01,cpi,34.1
426,1967-10-01,m1,184.3
427,1967-10-01,tbilrate,4.9
428,1967-10-01,unemp,3.9
429,1967-10-01,pop,199.808
430,1967-10-01,infl,4.72
431,1967-10-01,realint,0.18
432,1968-01-01,realgdp,4063.013
433,1968-01-01,realcons,2524.6
434,1968-01-01,realinv,472.907
435,1968-01-01,realgovt,651.378
436,1968-01-01,realdpi,2846.2
437,1968-01-01,cpi,34.4
438,1968-01-01,m1,186.6
439,1968-01-01,tbilrate,5.18
440,1968-01-01,unemp,3.7
441,1968-01-01,pop,200.208
442,1968-01-01,infl,3.5
443,1968-01-01,realint,1.67
444,1968-04-01,realgdp,4131.998
445,1968-04-01,realcons,2563.3
446,1968-04-01,realinv,492.026
447,1968-04-01,realgovt,646.145
448,1968-04-01,realdpi,2893.5
449,1968-04-01,cpi,34.9
450,1968-04-01,m1,190.5
451,1968-04-01,tbilrate,5.5
452,1968-04-01,unemp,3.5
453,1968-04-01,pop,200.706
454,1968-04-01,infl,5.77
455,1968-04-01,realint,-0.28
456,1968-07-01,realgdp,4160.267
457,1968-07-01,realcons,2611.5
458,1968-07-01,realinv,476.053
459,1968-07-01,realgovt,640.615
460,1968-07-01,realdpi,2899.3
461,1968-07-01,cpi,35.3
462,1968-07-01,m1,194.0
463,1968-07-01,tbilrate,5.21
464,1968-07-01,unemp,3.5
465,1968-07-01,pop,201.29
466,1968-07-01,infl,4.56
467,1968-07-01,realint,0.65
468,1968-10-01,realgdp,4178.293
469,1968-10-01,realcons,2623.5
470,1968-10-01,realinv,480.998
471,1968-10-01,realgovt,636.729
472,1968-10-01,realdpi,2918.4
473,1968-10-01,cpi,35.7
474,1968-10-01,m1,198.7
475,1968-10-01,tbilrate,5.85
476,1968-10-01,unemp,3.4
477,1968-10-01,pop,201.76
478,1968-10-01,infl,4.51
479,1968-10-01,realint,1.34
480,1969-01-01,realgdp,4244.1
481,1969-01-01,realcons,2652.9
482,1969-01-01,realinv,512.686
483,1969-01-01,realgovt,633.224
484,1969-01-01,realdpi,2923.4
485,1969-01-01,cpi,36.3
486,1969-01-01,m1,200.7
487,1969-01-01,tbilrate,6.08
488,1969-01-01,unemp,3.4
489,1969-01-01,pop,202.161
490,1969-01-01,infl,6.67
491,1969-01-01,realint,-0.58
492,1969-04-01,realgdp,4256.46
493,1969-04-01,realcons,2669.8
494,1969-04-01,realinv,508.601
495,1969-04-01,realgovt,623.16
496,1969-04-01,realdpi,2952.9
497,1969-04-01,cpi,36.8
498,1969-04-01,m1,201.7
499,1969-04-01,tbilrate,6.49
500,1969-04-01,unemp,3.4
501,1969-04-01,pop,202.677
502,1969-04-01,infl,5.47
503,1969-04-01,realint,1.02
504,1969-07-01,realgdp,4283.378
505,1969-07-01,realcons,2682.7
506,1969-07-01,realinv,520.36
507,1969-07-01,realgovt,623.613
508,1969-07-01,realdpi,3012.9
509,1969-07-01,cpi,37.3
510,1969-07-01,m1,202.9
511,1969-07-01,tbilrate,7.02
512,1969-07-01,unemp,3.6
513,1969-07-01,pop,203.302
514,1969-07-01,infl,5.4
515,1969-07-01,realint,1.63
516,1969-10-01,realgdp,4263.261
517,1969-10-01,realcons,2704.1
518,1969-10-01,realinv,492.334
519,1969-10-01,realgovt,606.9
520,1969-10-01,realdpi,3034.9
521,1969-10-01,cpi,37.9
522,1969-10-01,m1,206.2
523,1969-10-01,tbilrate,7.64
524,1969-10-01,unemp,3.6
525,1969-10-01,pop,203.849
526,1969-10-01,infl,6.38
527,1969-10-01,realint,1.26
528,1970-01-01,realgdp,4256.573
529,1970-01-01,realcons,2720.7
530,1970-01-01,realinv,476.925
531,1970-01-01,realgovt,594.888
532,1970-01-01,realdpi,3050.1
533,1970-01-01,cpi,38.5
534,1970-01-01,m1,206.7
535,1970-01-01,tbilrate,6.76
536,1970-01-01,unemp,4.2
537,1970-01-01,pop,204.401
538,1970-01-01,infl,6.28
539,1970-01-01,realint,0.47
540,1970-04-01,realgdp,4264.289
541,1970-04-01,realcons,2733.2
542,1970-04-01,realinv,478.419
543,1970-04-01,realgovt,576.257
544,1970-04-01,realdpi,3103.5
545,1970-04-01,cpi,38.9
546,1970-04-01,m1,208.0
547,1970-04-01,tbilrate,6.66
548,1970-04-01,unemp,4.8
549,1970-04-01,pop,205.052
550,1970-04-01,infl,4.13
551,1970-04-01,realint,2.52
552,1970-07-01,realgdp,4302.259
553,1970-07-01,realcons,2757.1
554,1970-07-01,realinv,486.594
555,1970-07-01,realgovt,567.743
556,1970-07-01,realdpi,3145.4
557,1970-07-01,cpi,39.4
558,1970-07-01,m1,212.9
559,1970-07-01,tbilrate,6.15
560,1970-07-01,unemp,5.2
561,1970-07-01,pop,205.788
562,1970-07-01,infl,5.11
563,1970-07-01,realint,1.04
564,1970-10-01,realgdp,4256.637
565,1970-10-01,realcons,2749.6
566,1970-10-01,realinv,458.406
567,1970-10-01,realgovt,564.666
568,1970-10-01,realdpi,3135.1
569,1970-10-01,cpi,39.9
570,1970-10-01,m1,215.5
571,1970-10-01,tbilrate,4.86
572,1970-10-01,unemp,5.8
573,1970-10-01,pop,206.466
574,1970-10-01,infl,5.04
575,1970-10-01,realint,-0.18
576,1971-01-01,realgdp,4374.016
577,1971-01-01,realcons,2802.2
578,1971-01-01,realinv,517.935
579,1971-01-01,realgovt,542.709
580,1971-01-01,realdpi,3197.3
581,1971-01-01,cpi,40.1
582,1971-01-01,m1,220.0
583,1971-01-01,tbilrate,3.65
584,1971-01-01,unemp,5.9
585,1971-01-01,pop,207.065
586,1971-01-01,infl,2.0
587,1971-01-01,realint,1.65
588,1971-04-01,realgdp,4398.829
589,1971-04-01,realcons,2827.9
590,1971-04-01,realinv,533.986
591,1971-04-01,realgovt,534.905
592,1971-04-01,realdpi,3245.3
593,1971-04-01,cpi,40.6
594,1971-04-01,m1,224.9
595,1971-04-01,tbilrate,4.76
596,1971-04-01,unemp,5.9
597,1971-04-01,pop,207.661
598,1971-04-01,infl,4.96
599,1971-04-01,realint,-0.19
600,1971-07-01,realgdp,4433.943
601,1971-07-01,realcons,2850.4
602,1971-07-01,realinv,541.01
603,1971-07-01,realgovt,532.646
604,1971-07-01,realdpi,3259.7
605,1971-07-01,cpi,40.9
606,1971-07-01,m1,227.2
607,1971-07-01,tbilrate,4.7
608,1971-07-01,unemp,6.0
609,1971-07-01,pop,208.345
610,1971-07-01,infl,2.94
611,1971-07-01,realint,1.75
612,1971-10-01,realgdp,4446.264
613,1971-10-01,realcons,2897.8
614,1971-10-01,realinv,524.085
615,1971-10-01,realgovt,516.14
616,1971-10-01,realdpi,3294.2
617,1971-10-01,cpi,41.2
618,1971-10-01,m1,230.1
619,1971-10-01,tbilrate,3.87
620,1971-10-01,unemp,6.0
621,1971-10-01,pop,208.917
622,1971-10-01,infl,2.92
623,1971-10-01,realint,0.95
624,1972-01-01,realgdp,4525.769
625,1972-01-01,realcons,2936.5
626,1972-01-01,realinv,561.147
627,1972-01-01,realgovt,518.192
628,1972-01-01,realdpi,3314.9
629,1972-01-01,cpi,41.5
630,1972-01-01,m1,235.6
631,1972-01-01,tbilrate,3.55
632,1972-01-01,unemp,5.8
633,1972-01-01,pop,209.386
634,1972-01-01,infl,2.9
635,1972-01-01,realint,0.64
636,1972-04-01,realgdp,4633.101
637,1972-04-01,realcons,2992.6
638,1972-04-01,realinv,595.495
639,1972-04-01,realgovt,526.473
640,1972-04-01,realdpi,3346.1
641,1972-04-01,cpi,41.8
642,1972-04-01,m1,238.8
643,1972-04-01,tbilrate,3.86
644,1972-04-01,unemp,5.7
645,1972-04-01,pop,209.896
646,1972-04-01,infl,2.88
647,1972-04-01,realint,0.98
648,1972-07-01,realgdp,4677.503
649,1972-07-01,realcons,3038.8
650,1972-07-01,realinv,603.97
651,1972-07-01,realgovt,498.116
652,1972-07-01,realdpi,3414.6
653,1972-07-01,cpi,42.2
654,1972-07-01,m1,245.0
655,1972-07-01,tbilrate,4.47
656,1972-07-01,unemp,5.6
657,1972-07-01,pop,210.479
658,1972-07-01,infl,3.81
659,1972-07-01,realint,0.66
660,1972-10-01,realgdp,4754.546
661,1972-10-01,realcons,3110.1
662,1972-10-01,realinv,607.104
663,1972-10-01,realgovt,496.54
664,1972-10-01,realdpi,3550.5
665,1972-10-01,cpi,42.7
666,1972-10-01,m1,251.5
667,1972-10-01,tbilrate,5.09
668,1972-10-01,unemp,5.3
669,1972-10-01,pop,210.985
670,1972-10-01,infl,4.71
671,1972-10-01,realint,0.38
672,1973-01-01,realgdp,4876.166
673,1973-01-01,realcons,3167.0
674,1973-01-01,realinv,645.654
675,1973-01-01,realgovt,504.838
676,1973-01-01,realdpi,3590.7
677,1973-01-01,cpi,43.7
678,1973-01-01,m1,252.7
679,1973-01-01,tbilrate,5.98
680,1973-01-01,unemp,5.0
681,1973-01-01,pop,211.42
682,1973-01-01,infl,9.26
683,1973-01-01,realint,-3.28
684,1973-04-01,realgdp,4932.571
685,1973-04-01,realcons,3165.4
686,1973-04-01,realinv,675.837
687,1973-04-01,realgovt,497.033
688,1973-04-01,realdpi,3626.2
689,1973-04-01,cpi,44.2
690,1973-04-01,m1,257.5
691,1973-04-01,tbilrate,7.19
692,1973-04-01,unemp,4.9
693,1973-04-01,pop,211.909
694,1973-04-01,infl,4.55
695,1973-04-01,realint,2.64
696,1973-07-01,realgdp,4906.252
697,1973-07-01,realcons,3176.7
698,1973-07-01,realinv,649.412
699,1973-07-01,realgovt,475.897
700,1973-07-01,realdpi,3644.4
701,1973-07-01,cpi,45.6
702,1973-07-01,m1,259.0
703,1973-07-01,tbilrate,8.06
704,1973-07-01,unemp,4.8
705,1973-07-01,pop,212.475
706,1973-07-01,infl,12.47
707,1973-07-01,realint,-4.41
708,1973-10-01,realgdp,4953.05
709,1973-10-01,realcons,3167.4
710,1973-10-01,realinv,674.253
711,1973-10-01,realgovt,476.174
712,1973-10-01,realdpi,3688.9
713,1973-10-01,cpi,46.8
714,1973-10-01,m1,263.8
715,1973-10-01,tbilrate,7.68
716,1973-10-01,unemp,4.8
717,1973-10-01,pop,212.932
718,1973-10-01,infl,10.39
719,1973-10-01,realint,-2.71
720,1974-01-01,realgdp,4909.617
721,1974-01-01,realcons,3139.7
722,1974-01-01,realinv,631.23
723,1974-01-01,realgovt,491.043
724,1974-01-01,realdpi,3632.3
725,1974-01-01,cpi,48.1
726,1974-01-01,m1,267.2
727,1974-01-01,tbilrate,7.8
728,1974-01-01,unemp,5.1
729,1974-01-01,pop,213.361
730,1974-01-01,infl,10.96
731,1974-01-01,realint,-3.16
732,1974-04-01,realgdp,4922.188
733,1974-04-01,realcons,3150.6
734,1974-04-01,realinv,628.102
735,1974-04-01,realgovt,490.177
736,1974-04-01,realdpi,3601.1
737,1974-04-01,cpi,49.3
738,1974-04-01,m1,269.3
739,1974-04-01,tbilrate,7.89
740,1974-04-01,unemp,5.2
741,1974-04-01,pop,213.854
742,1974-04-01,infl,9.86
743,1974-04-01,realint,-1.96
744,1974-07-01,realgdp,4873.52
745,1974-07-01,realcons,3163.6
746,1974-07-01,realinv,592.672
747,1974-07-01,realgovt,492.586
748,1974-07-01,realdpi,3612.4
749,1974-07-01,cpi,51.0
750,1974-07-01,m1,272.3
751,1974-07-01,tbilrate,8.16
752,1974-07-01,unemp,5.6
753,1974-07-01,pop,214.451
754,1974-07-01,infl,13.56
755,1974-07-01,realint,-5.4
756,1974-10-01,realgdp,4854.34
757,1974-10-01,realcons,3117.3
758,1974-10-01,realinv,598.306
759,1974-10-01,realgovt,496.176
760,1974-10-01,realdpi,3596.0
761,1974-10-01,cpi,52.3
762,1974-10-01,m1,273.9
763,1974-10-01,tbilrate,6.96
764,1974-10-01,unemp,6.6
765,1974-10-01,pop,214.931
766,1974-10-01,infl,10.07
767,1974-10-01,realint,-3.11
768,1975-01-01,realgdp,4795.295
769,1975-01-01,realcons,3143.4
770,1975-01-01,realinv,493.212
771,1975-01-01,realgovt,490.603
772,1975-01-01,realdpi,3581.9
773,1975-01-01,cpi,53.0
774,1975-01-01,m1,276.2
775,1975-01-01,tbilrate,5.53
776,1975-01-01,unemp,8.2
777,1975-01-01,pop,215.353
778,1975-01-01,infl,5.32
779,1975-01-01,realint,0.22
780,1975-04-01,realgdp,4831.942
781,1975-04-01,realcons,3195.8
782,1975-04-01,realinv,476.085
783,1975-04-01,realgovt,486.679
784,1975-04-01,realdpi,3749.3
785,1975-04-01,cpi,54.0
786,1975-04-01,m1,283.7
787,1975-04-01,tbilrate,5.57
788,1975-04-01,unemp,8.9
789,1975-04-01,pop,215.973
790,1975-04-01,infl,7.48
791,1975-04-01,realint,-1.91
792,1975-07-01,realgdp,4913.328
793,1975-07-01,realcons,3241.4
794,1975-07-01,realinv,516.402
795,1975-07-01,realgovt,498.836
796,1975-07-01,realdpi,3698.6
797,1975-07-01,cpi,54.9
798,1975-07-01,m1,285.4
799,1975-07-01,tbilrate,6.27
800,1975-07-01,unemp,8.5
801,1975-07-01,pop,216.587
802,1975-07-01,infl,6.61
803,1975-07-01,realint,-0.34
804,1975-10-01,realgdp,4977.511
805,1975-10-01,realcons,3275.7
806,1975-10-01,realinv,530.596
807,1975-10-01,realgovt,500.141
808,1975-10-01,realdpi,3736.0
809,1975-10-01,cpi,55.8
810,1975-10-01,m1,288.4
811,1975-10-01,tbilrate,5.26
812,1975-10-01,unemp,8.3
813,1975-10-01,pop,217.095
814,1975-10-01,infl,6.5
815,1975-10-01,realint,-1.24
816,1976-01-01,realgdp,5090.663
817,1976-01-01,realcons,3341.2
818,1976-01-01,realinv,585.541
819,1976-01-01,realgovt,495.568
820,1976-01-01,realdpi,3791.0
821,1976-01-01,cpi,56.1
822,1976-01-01,m1,294.7
823,1976-01-01,tbilrate,4.91
824,1976-01-01,unemp,7.7
825,1976-01-01,pop,217.528
826,1976-01-01,infl,2.14
827,1976-01-01,realint,2.77
828,1976-04-01,realgdp,5128.947
829,1976-04-01,realcons,3371.8
830,1976-04-01,realinv,610.513
831,1976-04-01,realgovt,494.532
832,1976-04-01,realdpi,3822.2
833,1976-04-01,cpi,57.0
834,1976-04-01,m1,297.2
835,1976-04-01,tbilrate,5.28
836,1976-04-01,unemp,7.6
837,1976-04-01,pop,218.035
838,1976-04-01,infl,6.37
839,1976-04-01,realint,-1.09
840,1976-07-01,realgdp,5154.072
841,1976-07-01,realcons,3407.5
842,1976-07-01,realinv,611.646
843,1976-07-01,realgovt,493.141
844,1976-07-01,realdpi,3856.7
845,1976-07-01,cpi,57.9
846,1976-07-01,m1,302.0
847,1976-07-01,tbilrate,5.05
848,1976-07-01,unemp,7.7
849,1976-07-01,pop,218.644
850,1976-07-01,infl,6.27
851,1976-07-01,realint,-1.22
852,1976-10-01,realgdp,5191.499
853,1976-10-01,realcons,3451.8
854,1976-10-01,realinv,615.898
855,1976-10-01,realgovt,494.415
856,1976-10-01,realdpi,3884.4
857,1976-10-01,cpi,58.7
858,1976-10-01,m1,308.3
859,1976-10-01,tbilrate,4.57
860,1976-10-01,unemp,7.8
861,1976-10-01,pop,219.179
862,1976-10-01,infl,5.49
863,1976-10-01,realint,-0.92
864,1977-01-01,realgdp,5251.762
865,1977-01-01,realcons,3491.3
866,1977-01-01,realinv,646.198
867,1977-01-01,realgovt,498.509
868,1977-01-01,realdpi,3887.5
869,1977-01-01,cpi,60.0
870,1977-01-01,m1,316.0
871,1977-01-01,tbilrate,4.6
872,1977-01-01,unemp,7.5
873,1977-01-01,pop,219.684
874,1977-01-01,infl,8.76
875,1977-01-01,realint,-4.16
876,1977-04-01,realgdp,5356.131
877,1977-04-01,realcons,3510.6
878,1977-04-01,realinv,696.141
879,1977-04-01,realgovt,506.695
880,1977-04-01,realdpi,3931.8
881,1977-04-01,cpi,60.8
882,1977-04-01,m1,320.2
883,1977-04-01,tbilrate,5.06
884,1977-04-01,unemp,7.1
885,1977-04-01,pop,220.239
886,1977-04-01,infl,5.3
887,1977-04-01,realint,-0.24
888,1977-07-01,realgdp,5451.921
889,1977-07-01,realcons,3544.1
890,1977-07-01,realinv,734.078
891,1977-07-01,realgovt,509.605
892,1977-07-01,realdpi,3990.8
893,1977-07-01,cpi,61.6
894,1977-07-01,m1,326.4
895,1977-07-01,tbilrate,5.82
896,1977-07-01,unemp,6.9
897,1977-07-01,pop,220.904
898,1977-07-01,infl,5.23
899,1977-07-01,realint,0.59
900,1977-10-01,realgdp,5450.793
901,1977-10-01,realcons,3597.5
902,1977-10-01,realinv,713.356
903,1977-10-01,realgovt,504.584
904,1977-10-01,realdpi,4071.2
905,1977-10-01,cpi,62.7
906,1977-10-01,m1,334.4
907,1977-10-01,tbilrate,6.2
908,1977-10-01,unemp,6.6
909,1977-10-01,pop,221.477
910,1977-10-01,infl,7.08
911,1977-10-01,realint,-0.88
912,1978-01-01,realgdp,5469.405
913,1978-01-01,realcons,3618.5
914,1978-01-01,realinv,727.504
915,1978-01-01,realgovt,506.314
916,1978-01-01,realdpi,4096.4
917,1978-01-01,cpi,63.9
918,1978-01-01,m1,339.9
919,1978-01-01,tbilrate,6.34
920,1978-01-01,unemp,6.3
921,1978-01-01,pop,221.991
922,1978-01-01,infl,7.58
923,1978-01-01,realint,-1.24
924,1978-04-01,realgdp,5684.569
925,1978-04-01,realcons,3695.9
926,1978-04-01,realinv,777.454
927,1978-04-01,realgovt,518.366
928,1978-04-01,realdpi,4143.4
929,1978-04-01,cpi,65.5
930,1978-04-01,m1,347.6
931,1978-04-01,tbilrate,6.72
932,1978-04-01,unemp,6.0
933,1978-04-01,pop,222.585
934,1978-04-01,infl,9.89
935,1978-04-01,realint,-3.18
936,1978-07-01,realgdp,5740.3
937,1978-07-01,realcons,3711.4
938,1978-07-01,realinv,801.452
939,1978-07-01,realgovt,520.199
940,1978-07-01,realdpi,4177.1
941,1978-07-01,cpi,67.1
942,1978-07-01,m1,353.3
943,1978-07-01,tbilrate,7.64
944,1978-07-01,unemp,6.0
945,1978-07-01,pop,223.271
946,1978-07-01,infl,9.65
947,1978-07-01,realint,-2.01
948,1978-10-01,realgdp,5816.222
949,1978-10-01,realcons,3741.3
950,1978-10-01,realinv,819.689
951,1978-10-01,realgovt,524.782
952,1978-10-01,realdpi,4209.8
953,1978-10-01,cpi,68.5
954,1978-10-01,m1,358.6
955,1978-10-01,tbilrate,9.02
956,1978-10-01,unemp,5.9
957,1978-10-01,pop,223.865
958,1978-10-01,infl,8.26
959,1978-10-01,realint,0.76
960,1979-01-01,realgdp,5825.949
961,1979-01-01,realcons,3760.2
962,1979-01-01,realinv,819.556
963,1979-01-01,realgovt,525.524
964,1979-01-01,realdpi,4255.9
965,1979-01-01,cpi,70.6
966,1979-01-01,m1,368.0
967,1979-01-01,tbilrate,9.42
968,1979-01-01,unemp,5.9
969,1979-01-01,pop,224.438
970,1979-01-01,infl,12.08
971,1979-01-01,realint,-2.66
972,1979-04-01,realgdp,5831.418
973,1979-04-01,realcons,3758.0
974,1979-04-01,realinv,817.66
975,1979-04-01,realgovt,532.04
976,1979-04-01,realdpi,4226.1
977,1979-04-01,cpi,73.0
978,1979-04-01,m1,377.2
979,1979-04-01,tbilrate,9.3
980,1979-04-01,unemp,5.7
981,1979-04-01,pop,225.055
982,1979-04-01,infl,13.37
983,1979-04-01,realint,-4.07
984,1979-07-01,realgdp,5873.335
985,1979-07-01,realcons,3794.9
986,1979-07-01,realinv,801.742
987,1979-07-01,realgovt,531.232
988,1979-07-01,realdpi,4250.3
989,1979-07-01,cpi,75.2
990,1979-07-01,m1,380.8
991,1979-07-01,tbilrate,10.49
992,1979-07-01,unemp,5.9
993,1979-07-01,pop,225.801
994,1979-07-01,infl,11.88
995,1979-07-01,realint,-1.38
996,1979-10-01,realgdp,5889.495
997,1979-10-01,realcons,3805.0
998,1979-10-01,realinv,786.817
999,1979-10-01,realgovt,531.126
1000,1979-10-01,realdpi,4284.3
1001,1979-10-01,cpi,78.0
1002,1979-10-01,m1,385.8
1003,1979-10-01,tbilrate,11.94
1004,1979-10-01,unemp,5.9
1005,1979-10-01,pop,226.451
1006,1979-10-01,infl,14.62
1007,1979-10-01,realint,-2.68
1008,1980-01-01,realgdp,5908.467
1009,1980-01-01,realcons,3798.4
1010,1980-01-01,realinv,781.114
1011,1980-01-01,realgovt,548.115
1012,1980-01-01,realdpi,4296.2
1013,1980-01-01,cpi,80.9
1014,1980-01-01,m1,383.8
1015,1980-01-01,tbilrate,13.75
1016,1980-01-01,unemp,6.3
1017,1980-01-01,pop,227.061
1018,1980-01-01,infl,14.6
1019,1980-01-01,realint,-0.85
1020,1980-04-01,realgdp,5787.373
1021,1980-04-01,realcons,3712.2
1022,1980-04-01,realinv,710.64
1023,1980-04-01,realgovt,561.895
1024,1980-04-01,realdpi,4236.1
1025,1980-04-01,cpi,82.6
1026,1980-04-01,m1,394.0
1027,1980-04-01,tbilrate,7.9
1028,1980-04-01,unemp,7.3
1029,1980-04-01,pop,227.726
1030,1980-04-01,infl,8.32
1031,1980-04-01,realint,-0.42
1032,1980-07-01,realgdp,5776.617
1033,1980-07-01,realcons,3752.0
1034,1980-07-01,realinv,656.477
1035,1980-07-01,realgovt,554.292
1036,1980-07-01,realdpi,4279.7
1037,1980-07-01,cpi,84.7
1038,1980-07-01,m1,409.0
1039,1980-07-01,tbilrate,10.34
1040,1980-07-01,unemp,7.7
1041,1980-07-01,pop,228.417
1042,1980-07-01,infl,10.04
1043,1980-07-01,realint,0.3
1044,1980-10-01,realgdp,5883.46
1045,1980-10-01,realcons,3802.0
1046,1980-10-01,realinv,723.22
1047,1980-10-01,realgovt,556.13
1048,1980-10-01,realdpi,4368.1
1049,1980-10-01,cpi,87.2
1050,1980-10-01,m1,411.3
1051,1980-10-01,tbilrate,14.75
1052,1980-10-01,unemp,7.4
1053,1980-10-01,pop,228.937
1054,1980-10-01,infl,11.64
1055,1980-10-01,realint,3.11
1056,1981-01-01,realgdp,6005.717
1057,1981-01-01,realcons,3822.8
1058,1981-01-01,realinv,795.091
1059,1981-01-01,realgovt,567.618
1060,1981-01-01,realdpi,4358.1
1061,1981-01-01,cpi,89.1
1062,1981-01-01,m1,427.4
1063,1981-01-01,tbilrate,13.95
1064,1981-01-01,unemp,7.4
1065,1981-01-01,pop,229.403
1066,1981-01-01,infl,8.62
1067,1981-01-01,realint,5.32
1068,1981-04-01,realgdp,5957.795
1069,1981-04-01,realcons,3822.8
1070,1981-04-01,realinv,757.24
1071,1981-04-01,realgovt,584.54
1072,1981-04-01,realdpi,4358.6
1073,1981-04-01,cpi,91.5
1074,1981-04-01,m1,426.9
1075,1981-04-01,tbilrate,15.33
1076,1981-04-01,unemp,7.4
1077,1981-04-01,pop,229.966
1078,1981-04-01,infl,10.63
1079,1981-04-01,realint,4.69
1080,1981-07-01,realgdp,6030.184
1081,1981-07-01,realcons,3838.3
1082,1981-07-01,realinv,804.242
1083,1981-07-01,realgovt,583.89
1084,1981-07-01,realdpi,4455.4
1085,1981-07-01,cpi,93.4
1086,1981-07-01,m1,428.4
1087,1981-07-01,tbilrate,14.58
1088,1981-07-01,unemp,7.4
1089,1981-07-01,pop,230.641
1090,1981-07-01,infl,8.22
1091,1981-07-01,realint,6.36
1092,1981-10-01,realgdp,5955.062
1093,1981-10-01,realcons,3809.3
1094,1981-10-01,realinv,773.053
1095,1981-10-01,realgovt,590.125
1096,1981-10-01,realdpi,4464.4
1097,1981-10-01,cpi,94.4
1098,1981-10-01,m1,442.7
1099,1981-10-01,tbilrate,11.33
1100,1981-10-01,unemp,8.2
1101,1981-10-01,pop,231.157
1102,1981-10-01,infl,4.26
1103,1981-10-01,realint,7.07
1104,1982-01-01,realgdp,5857.333
1105,1982-01-01,realcons,3833.9
1106,1982-01-01,realinv,692.514
1107,1982-01-01,realgovt,591.043
1108,1982-01-01,realdpi,4469.6
1109,1982-01-01,cpi,95.0
1110,1982-01-01,m1,447.1
1111,1982-01-01,tbilrate,12.95
1112,1982-01-01,unemp,8.8
1113,1982-01-01,pop,231.645
1114,1982-01-01,infl,2.53
1115,1982-01-01,realint,10.42
1116,1982-04-01,realgdp,5889.074
1117,1982-04-01,realcons,3847.7
1118,1982-04-01,realinv,691.9
1119,1982-04-01,realgovt,596.403
1120,1982-04-01,realdpi,4500.8
1121,1982-04-01,cpi,97.5
1122,1982-04-01,m1,448.0
1123,1982-04-01,tbilrate,11.97
1124,1982-04-01,unemp,9.4
1125,1982-04-01,pop,232.188
1126,1982-04-01,infl,10.39
1127,1982-04-01,realint,1.58
1128,1982-07-01,realgdp,5866.37
1129,1982-07-01,realcons,3877.2
1130,1982-07-01,realinv,683.825
1131,1982-07-01,realgovt,605.37
1132,1982-07-01,realdpi,4520.6
1133,1982-07-01,cpi,98.1
1134,1982-07-01,m1,464.5
1135,1982-07-01,tbilrate,8.1
1136,1982-07-01,unemp,9.9
1137,1982-07-01,pop,232.816
1138,1982-07-01,infl,2.45
1139,1982-07-01,realint,5.65
1140,1982-10-01,realgdp,5871.001
1141,1982-10-01,realcons,3947.9
1142,1982-10-01,realinv,622.93
1143,1982-10-01,realgovt,623.307
1144,1982-10-01,realdpi,4536.4
1145,1982-10-01,cpi,97.9
1146,1982-10-01,m1,477.2
1147,1982-10-01,tbilrate,7.96
1148,1982-10-01,unemp,10.7
1149,1982-10-01,pop,233.322
1150,1982-10-01,infl,-0.82
1151,1982-10-01,realint,8.77
1152,1983-01-01,realgdp,5944.02
1153,1983-01-01,realcons,3986.6
1154,1983-01-01,realinv,645.11
1155,1983-01-01,realgovt,630.873
1156,1983-01-01,realdpi,4572.2
1157,1983-01-01,cpi,98.8
1158,1983-01-01,m1,493.2
1159,1983-01-01,tbilrate,8.22
1160,1983-01-01,unemp,10.4
1161,1983-01-01,pop,233.781
1162,1983-01-01,infl,3.66
1163,1983-01-01,realint,4.56
1164,1983-04-01,realgdp,6077.619
1165,1983-04-01,realcons,4065.7
1166,1983-04-01,realinv,707.372
1167,1983-04-01,realgovt,644.322
1168,1983-04-01,realdpi,4605.5
1169,1983-04-01,cpi,99.8
1170,1983-04-01,m1,507.8
1171,1983-04-01,tbilrate,8.69
1172,1983-04-01,unemp,10.1
1173,1983-04-01,pop,234.307
1174,1983-04-01,infl,4.03
1175,1983-04-01,realint,4.66
1176,1983-07-01,realgdp,6197.468
1177,1983-07-01,realcons,4137.6
1178,1983-07-01,realinv,754.937
1179,1983-07-01,realgovt,662.412
1180,1983-07-01,realdpi,4674.7
1181,1983-07-01,cpi,100.8
1182,1983-07-01,m1,517.2
1183,1983-07-01,tbilrate,8.99
1184,1983-07-01,unemp,9.4
1185,1983-07-01,pop,234.907
1186,1983-07-01,infl,3.99
1187,1983-07-01,realint,5.01
1188,1983-10-01,realgdp,6325.574
1189,1983-10-01,realcons,4203.2
1190,1983-10-01,realinv,834.427
1191,1983-10-01,realgovt,639.197
1192,1983-10-01,realdpi,4771.1
1193,1983-10-01,cpi,102.1
1194,1983-10-01,m1,525.1
1195,1983-10-01,tbilrate,8.89
1196,1983-10-01,unemp,8.5
1197,1983-10-01,pop,235.385
1198,1983-10-01,infl,5.13
1199,1983-10-01,realint,3.76
1200,1984-01-01,realgdp,6448.264
1201,1984-01-01,realcons,4239.2
1202,1984-01-01,realinv,921.763
1203,1984-01-01,realgovt,644.635
1204,1984-01-01,realdpi,4875.4
1205,1984-01-01,cpi,103.3
1206,1984-01-01,m1,535.0
1207,1984-01-01,tbilrate,9.43
1208,1984-01-01,unemp,7.9
1209,1984-01-01,pop,235.839
1210,1984-01-01,infl,4.67
1211,1984-01-01,realint,4.76
1212,1984-04-01,realgdp,6559.594
1213,1984-04-01,realcons,4299.9
1214,1984-04-01,realinv,952.841
1215,1984-04-01,realgovt,664.839
1216,1984-04-01,realdpi,4959.4
1217,1984-04-01,cpi,104.1
1218,1984-04-01,m1,540.9
1219,1984-04-01,tbilrate,9.94
1220,1984-04-01,unemp,7.5
1221,1984-04-01,pop,236.348
1222,1984-04-01,infl,3.09
1223,1984-04-01,realint,6.85
1224,1984-07-01,realgdp,6623.343
1225,1984-07-01,realcons,4333.0
1226,1984-07-01,realinv,974.989
1227,1984-07-01,realgovt,662.294
1228,1984-07-01,realdpi,5036.6
1229,1984-07-01,cpi,105.1
1230,1984-07-01,m1,543.7
1231,1984-07-01,tbilrate,10.19
1232,1984-07-01,unemp,7.4
1233,1984-07-01,pop,236.976
1234,1984-07-01,infl,3.82
1235,1984-07-01,realint,6.37
1236,1984-10-01,realgdp,6677.264
1237,1984-10-01,realcons,4390.1
1238,1984-10-01,realinv,958.993
1239,1984-10-01,realgovt,684.282
1240,1984-10-01,realdpi,5084.5
1241,1984-10-01,cpi,105.7
1242,1984-10-01,m1,557.0
1243,1984-10-01,tbilrate,8.14
1244,1984-10-01,unemp,7.3
1245,1984-10-01,pop,237.468
1246,1984-10-01,infl,2.28
1247,1984-10-01,realint,5.87
1248,1985-01-01,realgdp,6740.275
1249,1985-01-01,realcons,4464.6
1250,1985-01-01,realinv,927.375
1251,1985-01-01,realgovt,691.613
1252,1985-01-01,realdpi,5072.0
1253,1985-01-01,cpi,107.0
1254,1985-01-01,m1,570.4
1255,1985-01-01,tbilrate,8.25
1256,1985-01-01,unemp,7.3
1257,1985-01-01,pop,237.9
1258,1985-01-01,infl,4.89
1259,1985-01-01,realint,3.36
1260,1985-04-01,realgdp,6797.344
1261,1985-04-01,realcons,4505.2
1262,1985-04-01,realinv,943.383
1263,1985-04-01,realgovt,708.524
1264,1985-04-01,realdpi,5172.7
1265,1985-04-01,cpi,107.7
1266,1985-04-01,m1,589.1
1267,1985-04-01,tbilrate,7.17
1268,1985-04-01,unemp,7.3
1269,1985-04-01,pop,238.466
1270,1985-04-01,infl,2.61
1271,1985-04-01,realint,4.56
1272,1985-07-01,realgdp,6903.523
1273,1985-07-01,realcons,4590.8
1274,1985-07-01,realinv,932.959
1275,1985-07-01,realgovt,732.305
1276,1985-07-01,realdpi,5140.7
1277,1985-07-01,cpi,108.5
1278,1985-07-01,m1,607.8
1279,1985-07-01,tbilrate,7.13
1280,1985-07-01,unemp,7.2
1281,1985-07-01,pop,239.113
1282,1985-07-01,infl,2.96
1283,1985-07-01,realint,4.17
1284,1985-10-01,realgdp,6955.918
1285,1985-10-01,realcons,4600.9
1286,1985-10-01,realinv,969.434
1287,1985-10-01,realgovt,732.026
1288,1985-10-01,realdpi,5193.9
1289,1985-10-01,cpi,109.9
1290,1985-10-01,m1,621.4
1291,1985-10-01,tbilrate,7.14
1292,1985-10-01,unemp,7.0
1293,1985-10-01,pop,239.638
1294,1985-10-01,infl,5.13
1295,1985-10-01,realint,2.01
1296,1986-01-01,realgdp,7022.757
1297,1986-01-01,realcons,4639.3
1298,1986-01-01,realinv,967.442
1299,1986-01-01,realgovt,728.125
1300,1986-01-01,realdpi,5255.8
1301,1986-01-01,cpi,108.7
1302,1986-01-01,m1,641.0
1303,1986-01-01,tbilrate,6.56
1304,1986-01-01,unemp,7.0
1305,1986-01-01,pop,240.094
1306,1986-01-01,infl,-4.39
1307,1986-01-01,realint,10.95
1308,1986-04-01,realgdp,7050.969
1309,1986-04-01,realcons,4688.7
1310,1986-04-01,realinv,945.972
1311,1986-04-01,realgovt,751.334
1312,1986-04-01,realdpi,5315.5
1313,1986-04-01,cpi,109.5
1314,1986-04-01,m1,670.3
1315,1986-04-01,tbilrate,6.06
1316,1986-04-01,unemp,7.2
1317,1986-04-01,pop,240.651
1318,1986-04-01,infl,2.93
1319,1986-04-01,realint,3.13
1320,1986-07-01,realgdp,7118.95
1321,1986-07-01,realcons,4770.7
1322,1986-07-01,realinv,916.315
1323,1986-07-01,realgovt,779.77
1324,1986-07-01,realdpi,5343.3
1325,1986-07-01,cpi,110.2
1326,1986-07-01,m1,694.9
1327,1986-07-01,tbilrate,5.31
1328,1986-07-01,unemp,7.0
1329,1986-07-01,pop,241.274
1330,1986-07-01,infl,2.55
1331,1986-07-01,realint,2.76
1332,1986-10-01,realgdp,7153.359
1333,1986-10-01,realcons,4799.4
1334,1986-10-01,realinv,917.736
1335,1986-10-01,realgovt,767.671
1336,1986-10-01,realdpi,5346.5
1337,1986-10-01,cpi,111.4
1338,1986-10-01,m1,730.2
1339,1986-10-01,tbilrate,5.44
1340,1986-10-01,unemp,6.8
1341,1986-10-01,pop,241.784
1342,1986-10-01,infl,4.33
1343,1986-10-01,realint,1.1
1344,1987-01-01,realgdp,7193.019
1345,1987-01-01,realcons,4792.1
1346,1987-01-01,realinv,945.776
1347,1987-01-01,realgovt,772.247
1348,1987-01-01,realdpi,5379.4
1349,1987-01-01,cpi,112.7
1350,1987-01-01,m1,743.9
1351,1987-01-01,tbilrate,5.61
1352,1987-01-01,unemp,6.6
1353,1987-01-01,pop,242.252
1354,1987-01-01,infl,4.64
1355,1987-01-01,realint,0.97
1356,1987-04-01,realgdp,7269.51
1357,1987-04-01,realcons,4856.3
1358,1987-04-01,realinv,947.1
1359,1987-04-01,realgovt,782.962
1360,1987-04-01,realdpi,5321.0
1361,1987-04-01,cpi,113.8
1362,1987-04-01,m1,743.0
1363,1987-04-01,tbilrate,5.67
1364,1987-04-01,unemp,6.3
1365,1987-04-01,pop,242.804
1366,1987-04-01,infl,3.89
1367,1987-04-01,realint,1.79
1368,1987-07-01,realgdp,7332.558
1369,1987-07-01,realcons,4910.4
1370,1987-07-01,realinv,948.055
1371,1987-07-01,realgovt,783.804
1372,1987-07-01,realdpi,5416.2
1373,1987-07-01,cpi,115.0
1374,1987-07-01,m1,756.2
1375,1987-07-01,tbilrate,6.19
1376,1987-07-01,unemp,6.0
1377,1987-07-01,pop,243.446
1378,1987-07-01,infl,4.2
1379,1987-07-01,realint,1.99
1380,1987-10-01,realgdp,7458.022
1381,1987-10-01,realcons,4922.2
1382,1987-10-01,realinv,1021.98
1383,1987-10-01,realgovt,795.467
1384,1987-10-01,realdpi,5493.1
1385,1987-10-01,cpi,116.0
1386,1987-10-01,m1,756.2
1387,1987-10-01,tbilrate,5.76
1388,1987-10-01,unemp,5.9
1389,1987-10-01,pop,243.981
1390,1987-10-01,infl,3.46
1391,1987-10-01,realint,2.29
1392,1988-01-01,realgdp,7496.6
1393,1988-01-01,realcons,5004.4
1394,1988-01-01,realinv,964.398
1395,1988-01-01,realgovt,773.851
1396,1988-01-01,realdpi,5562.1
1397,1988-01-01,cpi,117.2
1398,1988-01-01,m1,768.1
1399,1988-01-01,tbilrate,5.76
1400,1988-01-01,unemp,5.7
1401,1988-01-01,pop,244.445
1402,1988-01-01,infl,4.12
1403,1988-01-01,realint,1.64
1404,1988-04-01,realgdp,7592.881
1405,1988-04-01,realcons,5040.8
1406,1988-04-01,realinv,987.858
1407,1988-04-01,realgovt,765.98
1408,1988-04-01,realdpi,5614.3
1409,1988-04-01,cpi,118.5
1410,1988-04-01,m1,781.4
1411,1988-04-01,tbilrate,6.48
1412,1988-04-01,unemp,5.5
1413,1988-04-01,pop,245.021
1414,1988-04-01,infl,4.41
1415,1988-04-01,realint,2.07
1416,1988-07-01,realgdp,7632.082
1417,1988-07-01,realcons,5080.6
1418,1988-07-01,realinv,994.204
1419,1988-07-01,realgovt,760.245
1420,1988-07-01,realdpi,5657.5
1421,1988-07-01,cpi,119.9
1422,1988-07-01,m1,783.3
1423,1988-07-01,tbilrate,7.22
1424,1988-07-01,unemp,5.5
1425,1988-07-01,pop,245.693
1426,1988-07-01,infl,4.7
1427,1988-07-01,realint,2.52
1428,1988-10-01,realgdp,7733.991
1429,1988-10-01,realcons,5140.4
1430,1988-10-01,realinv,1007.371
1431,1988-10-01,realgovt,783.065
1432,1988-10-01,realdpi,5708.5
1433,1988-10-01,cpi,121.2
1434,1988-10-01,m1,785.7
1435,1988-10-01,tbilrate,8.03
1436,1988-10-01,unemp,5.3
1437,1988-10-01,pop,246.224
1438,1988-10-01,infl,4.31
1439,1988-10-01,realint,3.72
1440,1989-01-01,realgdp,7806.603
1441,1989-01-01,realcons,5159.3
1442,1989-01-01,realinv,1045.975
1443,1989-01-01,realgovt,767.024
1444,1989-01-01,realdpi,5773.4
1445,1989-01-01,cpi,123.1
1446,1989-01-01,m1,779.2
1447,1989-01-01,tbilrate,8.67
1448,1989-01-01,unemp,5.2
1449,1989-01-01,pop,246.721
1450,1989-01-01,infl,6.22
1451,1989-01-01,realint,2.44
1452,1989-04-01,realgdp,7865.016
1453,1989-04-01,realcons,5182.4
1454,1989-04-01,realinv,1033.753
1455,1989-04-01,realgovt,784.275
1456,1989-04-01,realdpi,5749.8
1457,1989-04-01,cpi,124.5
1458,1989-04-01,m1,777.8
1459,1989-04-01,tbilrate,8.15
1460,1989-04-01,unemp,5.2
1461,1989-04-01,pop,247.342
1462,1989-04-01,infl,4.52
1463,1989-04-01,realint,3.63
1464,1989-07-01,realgdp,7927.393
1465,1989-07-01,realcons,5236.1
1466,1989-07-01,realinv,1021.604
1467,1989-07-01,realgovt,791.819
1468,1989-07-01,realdpi,5787.0
1469,1989-07-01,cpi,125.4
1470,1989-07-01,m1,786.6
1471,1989-07-01,tbilrate,7.76
1472,1989-07-01,unemp,5.3
1473,1989-07-01,pop,248.067
1474,1989-07-01,infl,2.88
1475,1989-07-01,realint,4.88
1476,1989-10-01,realgdp,7944.697
1477,1989-10-01,realcons,5261.7
1478,1989-10-01,realinv,1011.119
1479,1989-10-01,realgovt,787.844
1480,1989-10-01,realdpi,5831.3
1481,1989-10-01,cpi,127.5
1482,1989-10-01,m1,795.4
1483,1989-10-01,tbilrate,7.65
1484,1989-10-01,unemp,5.4
1485,1989-10-01,pop,248.659
1486,1989-10-01,infl,6.64
1487,1989-10-01,realint,1.01
1488,1990-01-01,realgdp,8027.693
1489,1990-01-01,realcons,5303.3
1490,1990-01-01,realinv,1021.07
1491,1990-01-01,realgovt,799.681
1492,1990-01-01,realdpi,5875.1
1493,1990-01-01,cpi,128.9
1494,1990-01-01,m1,806.2
1495,1990-01-01,tbilrate,7.8
1496,1990-01-01,unemp,5.3
1497,1990-01-01,pop,249.306
1498,1990-01-01,infl,4.37
1499,1990-01-01,realint,3.44
1500,1990-04-01,realgdp,8059.598
1501,1990-04-01,realcons,5320.8
1502,1990-04-01,realinv,1021.36
1503,1990-04-01,realgovt,800.639
1504,1990-04-01,realdpi,5913.9
1505,1990-04-01,cpi,130.5
1506,1990-04-01,m1,810.1
1507,1990-04-01,tbilrate,7.7
1508,1990-04-01,unemp,5.3
1509,1990-04-01,pop,250.132
1510,1990-04-01,infl,4.93
1511,1990-04-01,realint,2.76
1512,1990-07-01,realgdp,8059.476
1513,1990-07-01,realcons,5341.0
1514,1990-07-01,realinv,997.319
1515,1990-07-01,realgovt,793.513
1516,1990-07-01,realdpi,5918.1
1517,1990-07-01,cpi,133.4
1518,1990-07-01,m1,819.8
1519,1990-07-01,tbilrate,7.33
1520,1990-07-01,unemp,5.7
1521,1990-07-01,pop,251.057
1522,1990-07-01,infl,8.79
1523,1990-07-01,realint,-1.46
1524,1990-10-01,realgdp,7988.864
1525,1990-10-01,realcons,5299.5
1526,1990-10-01,realinv,934.248
1527,1990-10-01,realgovt,800.525
1528,1990-10-01,realdpi,5878.2
1529,1990-10-01,cpi,134.7
1530,1990-10-01,m1,827.2
1531,1990-10-01,tbilrate,6.67
1532,1990-10-01,unemp,6.1
1533,1990-10-01,pop,251.889
1534,1990-10-01,infl,3.88
1535,1990-10-01,realint,2.79
1536,1991-01-01,realgdp,7950.164
1537,1991-01-01,realcons,5284.4
1538,1991-01-01,realinv,896.21
1539,1991-01-01,realgovt,806.775
1540,1991-01-01,realdpi,5896.3
1541,1991-01-01,cpi,135.1
1542,1991-01-01,m1,843.2
1543,1991-01-01,tbilrate,5.83
1544,1991-01-01,unemp,6.6
1545,1991-01-01,pop,252.643
1546,1991-01-01,infl,1.19
1547,1991-01-01,realint,4.65
1548,1991-04-01,realgdp,8003.822
1549,1991-04-01,realcons,5324.7
1550,1991-04-01,realinv,891.704
1551,1991-04-01,realgovt,809.081
1552,1991-04-01,realdpi,5941.1
1553,1991-04-01,cpi,136.2
1554,1991-04-01,m1,861.5
1555,1991-04-01,tbilrate,5.54
1556,1991-04-01,unemp,6.8
1557,1991-04-01,pop,253.493
1558,1991-04-01,infl,3.24
1559,1991-04-01,realint,2.29
1560,1991-07-01,realgdp,8037.538
1561,1991-07-01,realcons,5345.0
1562,1991-07-01,realinv,913.904
1563,1991-07-01,realgovt,793.987
1564,1991-07-01,realdpi,5953.6
1565,1991-07-01,cpi,137.2
1566,1991-07-01,m1,878.0
1567,1991-07-01,tbilrate,5.18
1568,1991-07-01,unemp,6.9
1569,1991-07-01,pop,254.435
1570,1991-07-01,infl,2.93
1571,1991-07-01,realint,2.25
1572,1991-10-01,realgdp,8069.046
1573,1991-10-01,realcons,5342.6
1574,1991-10-01,realinv,948.891
1575,1991-10-01,realgovt,778.378
1576,1991-10-01,realdpi,5992.4
1577,1991-10-01,cpi,138.3
1578,1991-10-01,m1,910.4
1579,1991-10-01,tbilrate,4.14
1580,1991-10-01,unemp,7.1
1581,1991-10-01,pop,255.214
1582,1991-10-01,infl,3.19
1583,1991-10-01,realint,0.95
1584,1992-01-01,realgdp,8157.616
1585,1992-01-01,realcons,5434.5
1586,1992-01-01,realinv,927.796
1587,1992-01-01,realgovt,778.568
1588,1992-01-01,realdpi,6082.9
1589,1992-01-01,cpi,139.4
1590,1992-01-01,m1,943.8
1591,1992-01-01,tbilrate,3.88
1592,1992-01-01,unemp,7.4
1593,1992-01-01,pop,255.992
1594,1992-01-01,infl,3.17
1595,1992-01-01,realint,0.71
1596,1992-04-01,realgdp,8244.294
1597,1992-04-01,realcons,5466.7
1598,1992-04-01,realinv,988.912
1599,1992-04-01,realgovt,777.762
1600,1992-04-01,realdpi,6129.5
1601,1992-04-01,cpi,140.5
1602,1992-04-01,m1,963.2
1603,1992-04-01,tbilrate,3.5
1604,1992-04-01,unemp,7.6
1605,1992-04-01,pop,256.894
1606,1992-04-01,infl,3.14
1607,1992-04-01,realint,0.36
1608,1992-07-01,realgdp,8329.361
1609,1992-07-01,realcons,5527.1
1610,1992-07-01,realinv,999.135
1611,1992-07-01,realgovt,786.639
1612,1992-07-01,realdpi,6160.6
1613,1992-07-01,cpi,141.7
1614,1992-07-01,m1,1003.8
1615,1992-07-01,tbilrate,2.97
1616,1992-07-01,unemp,7.6
1617,1992-07-01,pop,257.861
1618,1992-07-01,infl,3.4
1619,1992-07-01,realint,-0.44
1620,1992-10-01,realgdp,8417.016
1621,1992-10-01,realcons,5594.6
1622,1992-10-01,realinv,1030.758
1623,1992-10-01,realgovt,787.064
1624,1992-10-01,realdpi,6248.2
1625,1992-10-01,cpi,142.8
1626,1992-10-01,m1,1030.4
1627,1992-10-01,tbilrate,3.12
1628,1992-10-01,unemp,7.4
1629,1992-10-01,pop,258.679
1630,1992-10-01,infl,3.09
1631,1992-10-01,realint,0.02
1632,1993-01-01,realgdp,8432.485
1633,1993-01-01,realcons,5617.2
1634,1993-01-01,realinv,1054.979
1635,1993-01-01,realgovt,762.901
1636,1993-01-01,realdpi,6156.5
1637,1993-01-01,cpi,143.8
1638,1993-01-01,m1,1047.6
1639,1993-01-01,tbilrate,2.92
1640,1993-01-01,unemp,7.2
1641,1993-01-01,pop,259.414
1642,1993-01-01,infl,2.79
1643,1993-01-01,realint,0.13
1644,1993-04-01,realgdp,8486.435
1645,1993-04-01,realcons,5671.1
1646,1993-04-01,realinv,1063.263
1647,1993-04-01,realgovt,752.158
1648,1993-04-01,realdpi,6252.3
1649,1993-04-01,cpi,144.5
1650,1993-04-01,m1,1084.5
1651,1993-04-01,tbilrate,3.02
1652,1993-04-01,unemp,7.1
1653,1993-04-01,pop,260.255
1654,1993-04-01,infl,1.94
1655,1993-04-01,realint,1.08
1656,1993-07-01,realgdp,8531.108
1657,1993-07-01,realcons,5732.7
1658,1993-07-01,realinv,1062.514
1659,1993-07-01,realgovt,744.227
1660,1993-07-01,realdpi,6265.7
1661,1993-07-01,cpi,145.6
1662,1993-07-01,m1,1113.0
1663,1993-07-01,tbilrate,3.0
1664,1993-07-01,unemp,6.8
1665,1993-07-01,pop,261.163
1666,1993-07-01,infl,3.03
1667,1993-07-01,realint,-0.04
1668,1993-10-01,realgdp,8643.769
1669,1993-10-01,realcons,5783.7
1670,1993-10-01,realinv,1118.583
1671,1993-10-01,realgovt,748.102
1672,1993-10-01,realdpi,6358.1
1673,1993-10-01,cpi,146.3
1674,1993-10-01,m1,1131.6
1675,1993-10-01,tbilrate,3.05
1676,1993-10-01,unemp,6.6
1677,1993-10-01,pop,261.919
1678,1993-10-01,infl,1.92
1679,1993-10-01,realint,1.13
1680,1994-01-01,realgdp,8727.919
1681,1994-01-01,realcons,5848.1
1682,1994-01-01,realinv,1166.845
1683,1994-01-01,realgovt,721.288
1684,1994-01-01,realdpi,6332.6
1685,1994-01-01,cpi,147.2
1686,1994-01-01,m1,1141.1
1687,1994-01-01,tbilrate,3.48
1688,1994-01-01,unemp,6.6
1689,1994-01-01,pop,262.631
1690,1994-01-01,infl,2.45
1691,1994-01-01,realint,1.02
1692,1994-04-01,realgdp,8847.303
1693,1994-04-01,realcons,5891.5
1694,1994-04-01,realinv,1234.855
1695,1994-04-01,realgovt,717.197
1696,1994-04-01,realdpi,6440.6
1697,1994-04-01,cpi,148.4
1698,1994-04-01,m1,1150.5
1699,1994-04-01,tbilrate,4.2
1700,1994-04-01,unemp,6.2
1701,1994-04-01,pop,263.436
1702,1994-04-01,infl,3.25
1703,1994-04-01,realint,0.96
1704,1994-07-01,realgdp,8904.289
1705,1994-07-01,realcons,5938.7
1706,1994-07-01,realinv,1212.655
1707,1994-07-01,realgovt,736.89
1708,1994-07-01,realdpi,6487.9
1709,1994-07-01,cpi,149.4
1710,1994-07-01,m1,1150.1
1711,1994-07-01,tbilrate,4.68
1712,1994-07-01,unemp,6.0
1713,1994-07-01,pop,264.301
1714,1994-07-01,infl,2.69
1715,1994-07-01,realint,2.0
1716,1994-10-01,realgdp,9003.18
1717,1994-10-01,realcons,5997.3
1718,1994-10-01,realinv,1269.19
1719,1994-10-01,realgovt,716.702
1720,1994-10-01,realdpi,6574.0
1721,1994-10-01,cpi,150.5
1722,1994-10-01,m1,1151.4
1723,1994-10-01,tbilrate,5.53
1724,1994-10-01,unemp,5.6
1725,1994-10-01,pop,265.044
1726,1994-10-01,infl,2.93
1727,1994-10-01,realint,2.6
1728,1995-01-01,realgdp,9025.267
1729,1995-01-01,realcons,6004.3
1730,1995-01-01,realinv,1282.09
1731,1995-01-01,realgovt,715.326
1732,1995-01-01,realdpi,6616.6
1733,1995-01-01,cpi,151.8
1734,1995-01-01,m1,1149.3
1735,1995-01-01,tbilrate,5.72
1736,1995-01-01,unemp,5.5
1737,1995-01-01,pop,265.755
1738,1995-01-01,infl,3.44
1739,1995-01-01,realint,2.28
1740,1995-04-01,realgdp,9044.668
1741,1995-04-01,realcons,6053.5
1742,1995-04-01,realinv,1247.61
1743,1995-04-01,realgovt,712.492
1744,1995-04-01,realdpi,6617.2
1745,1995-04-01,cpi,152.6
1746,1995-04-01,m1,1145.4
1747,1995-04-01,tbilrate,5.52
1748,1995-04-01,unemp,5.7
1749,1995-04-01,pop,266.557
1750,1995-04-01,infl,2.1
1751,1995-04-01,realint,3.42
1752,1995-07-01,realgdp,9120.684
1753,1995-07-01,realcons,6107.6
1754,1995-07-01,realinv,1235.601
1755,1995-07-01,realgovt,707.649
1756,1995-07-01,realdpi,6666.8
1757,1995-07-01,cpi,153.5
1758,1995-07-01,m1,1137.3
1759,1995-07-01,tbilrate,5.32
1760,1995-07-01,unemp,5.7
1761,1995-07-01,pop,267.456
1762,1995-07-01,infl,2.35
1763,1995-07-01,realint,2.97
1764,1995-10-01,realgdp,9184.275
1765,1995-10-01,realcons,6150.6
1766,1995-10-01,realinv,1270.392
1767,1995-10-01,realgovt,681.081
1768,1995-10-01,realdpi,6706.2
1769,1995-10-01,cpi,154.7
1770,1995-10-01,m1,1123.5
1771,1995-10-01,tbilrate,5.17
1772,1995-10-01,unemp,5.6
1773,1995-10-01,pop,268.151
1774,1995-10-01,infl,3.11
1775,1995-10-01,realint,2.05
1776,1996-01-01,realgdp,9247.188
1777,1996-01-01,realcons,6206.9
1778,1996-01-01,realinv,1287.128
1779,1996-01-01,realgovt,695.265
1780,1996-01-01,realdpi,6777.7
1781,1996-01-01,cpi,156.1
1782,1996-01-01,m1,1124.8
1783,1996-01-01,tbilrate,4.91
1784,1996-01-01,unemp,5.5
1785,1996-01-01,pop,268.853
1786,1996-01-01,infl,3.6
1787,1996-01-01,realint,1.31
1788,1996-04-01,realgdp,9407.052
1789,1996-04-01,realcons,6277.1
1790,1996-04-01,realinv,1353.795
1791,1996-04-01,realgovt,705.172
1792,1996-04-01,realdpi,6850.6
1793,1996-04-01,cpi,157.0
1794,1996-04-01,m1,1112.4
1795,1996-04-01,tbilrate,5.09
1796,1996-04-01,unemp,5.5
1797,1996-04-01,pop,269.667
1798,1996-04-01,infl,2.3
1799,1996-04-01,realint,2.79
1800,1996-07-01,realgdp,9488.879
1801,1996-07-01,realcons,6314.6
1802,1996-07-01,realinv,1422.059
1803,1996-07-01,realgovt,692.741
1804,1996-07-01,realdpi,6908.9
1805,1996-07-01,cpi,158.2
1806,1996-07-01,m1,1086.1
1807,1996-07-01,tbilrate,5.04
1808,1996-07-01,unemp,5.3
1809,1996-07-01,pop,270.581
1810,1996-07-01,infl,3.05
1811,1996-07-01,realint,2.0
1812,1996-10-01,realgdp,9592.458
1813,1996-10-01,realcons,6366.1
1814,1996-10-01,realinv,1418.193
1815,1996-10-01,realgovt,690.744
1816,1996-10-01,realdpi,6946.8
1817,1996-10-01,cpi,159.4
1818,1996-10-01,m1,1081.5
1819,1996-10-01,tbilrate,4.99
1820,1996-10-01,unemp,5.3
1821,1996-10-01,pop,271.36
1822,1996-10-01,infl,3.02
1823,1996-10-01,realint,1.97
1824,1997-01-01,realgdp,9666.235
1825,1997-01-01,realcons,6430.2
1826,1997-01-01,realinv,1451.304
1827,1997-01-01,realgovt,681.445
1828,1997-01-01,realdpi,7008.9
1829,1997-01-01,cpi,159.9
1830,1997-01-01,m1,1063.8
1831,1997-01-01,tbilrate,5.1
1832,1997-01-01,unemp,5.2
1833,1997-01-01,pop,272.083
1834,1997-01-01,infl,1.25
1835,1997-01-01,realint,3.85
1836,1997-04-01,realgdp,9809.551
1837,1997-04-01,realcons,6456.2
1838,1997-04-01,realinv,1543.976
1839,1997-04-01,realgovt,693.525
1840,1997-04-01,realdpi,7061.5
1841,1997-04-01,cpi,160.4
1842,1997-04-01,m1,1066.2
1843,1997-04-01,tbilrate,5.01
1844,1997-04-01,unemp,5.0
1845,1997-04-01,pop,272.912
1846,1997-04-01,infl,1.25
1847,1997-04-01,realint,3.76
1848,1997-07-01,realgdp,9932.672
1849,1997-07-01,realcons,6566.0
1850,1997-07-01,realinv,1571.426
1851,1997-07-01,realgovt,691.261
1852,1997-07-01,realdpi,7142.4
1853,1997-07-01,cpi,161.5
1854,1997-07-01,m1,1065.5
1855,1997-07-01,tbilrate,5.02
1856,1997-07-01,unemp,4.9
1857,1997-07-01,pop,273.852
1858,1997-07-01,infl,2.73
1859,1997-07-01,realint,2.29
1860,1997-10-01,realgdp,10008.874
1861,1997-10-01,realcons,6641.1
1862,1997-10-01,realinv,1596.523
1863,1997-10-01,realgovt,690.311
1864,1997-10-01,realdpi,7241.5
1865,1997-10-01,cpi,162.0
1866,1997-10-01,m1,1074.4
1867,1997-10-01,tbilrate,5.11
1868,1997-10-01,unemp,4.7
1869,1997-10-01,pop,274.626
1870,1997-10-01,infl,1.24
1871,1997-10-01,realint,3.88
1872,1998-01-01,realgdp,10103.425
1873,1998-01-01,realcons,6707.2
1874,1998-01-01,realinv,1672.732
1875,1998-01-01,realgovt,668.783
1876,1998-01-01,realdpi,7406.2
1877,1998-01-01,cpi,162.2
1878,1998-01-01,m1,1076.1
1879,1998-01-01,tbilrate,5.02
1880,1998-01-01,unemp,4.6
1881,1998-01-01,pop,275.304
1882,1998-01-01,infl,0.49
1883,1998-01-01,realint,4.53
1884,1998-04-01,realgdp,10194.277
1885,1998-04-01,realcons,6822.6
1886,1998-04-01,realinv,1652.716
1887,1998-04-01,realgovt,687.184
1888,1998-04-01,realdpi,7512.0
1889,1998-04-01,cpi,163.2
1890,1998-04-01,m1,1075.0
1891,1998-04-01,tbilrate,4.98
1892,1998-04-01,unemp,4.4
1893,1998-04-01,pop,276.115
1894,1998-04-01,infl,2.46
1895,1998-04-01,realint,2.52
1896,1998-07-01,realgdp,10328.787
1897,1998-07-01,realcons,6913.1
1898,1998-07-01,realinv,1700.071
1899,1998-07-01,realgovt,681.472
1900,1998-07-01,realdpi,7591.0
1901,1998-07-01,cpi,163.9
1902,1998-07-01,m1,1086.0
1903,1998-07-01,tbilrate,4.49
1904,1998-07-01,unemp,4.5
1905,1998-07-01,pop,277.003
1906,1998-07-01,infl,1.71
1907,1998-07-01,realint,2.78
1908,1998-10-01,realgdp,10507.575
1909,1998-10-01,realcons,7019.1
1910,1998-10-01,realinv,1754.743
1911,1998-10-01,realgovt,688.147
1912,1998-10-01,realdpi,7646.5
1913,1998-10-01,cpi,164.7
1914,1998-10-01,m1,1097.8
1915,1998-10-01,tbilrate,4.38
1916,1998-10-01,unemp,4.4
1917,1998-10-01,pop,277.79
1918,1998-10-01,infl,1.95
1919,1998-10-01,realint,2.43
1920,1999-01-01,realgdp,10601.179
1921,1999-01-01,realcons,7088.3
1922,1999-01-01,realinv,1809.993
1923,1999-01-01,realgovt,683.601
1924,1999-01-01,realdpi,7698.4
1925,1999-01-01,cpi,165.9
1926,1999-01-01,m1,1101.9
1927,1999-01-01,tbilrate,4.39
1928,1999-01-01,unemp,4.3
1929,1999-01-01,pop,278.451
1930,1999-01-01,infl,2.9
1931,1999-01-01,realint,1.49
1932,1999-04-01,realgdp,10684.049
1933,1999-04-01,realcons,7199.9
1934,1999-04-01,realinv,1803.674
1935,1999-04-01,realgovt,683.594
1936,1999-04-01,realdpi,7716.0
1937,1999-04-01,cpi,166.7
1938,1999-04-01,m1,1098.7
1939,1999-04-01,tbilrate,4.54
1940,1999-04-01,unemp,4.3
1941,1999-04-01,pop,279.295
1942,1999-04-01,infl,1.92
1943,1999-04-01,realint,2.62
1944,1999-07-01,realgdp,10819.914
1945,1999-07-01,realcons,7286.4
1946,1999-07-01,realinv,1848.949
1947,1999-07-01,realgovt,697.936
1948,1999-07-01,realdpi,7765.9
1949,1999-07-01,cpi,168.1
1950,1999-07-01,m1,1102.3
1951,1999-07-01,tbilrate,4.75
1952,1999-07-01,unemp,4.2
1953,1999-07-01,pop,280.203
1954,1999-07-01,infl,3.35
1955,1999-07-01,realint,1.41
1956,1999-10-01,realgdp,11014.254
1957,1999-10-01,realcons,7389.2
1958,1999-10-01,realinv,1914.567
1959,1999-10-01,realgovt,713.445
1960,1999-10-01,realdpi,7887.7
1961,1999-10-01,cpi,169.3
1962,1999-10-01,m1,1121.9
1963,1999-10-01,tbilrate,5.2
1964,1999-10-01,unemp,4.1
1965,1999-10-01,pop,280.976
1966,1999-10-01,infl,2.85
1967,1999-10-01,realint,2.35
1968,2000-01-01,realgdp,11043.044
1969,2000-01-01,realcons,7501.3
1970,2000-01-01,realinv,1887.836
1971,2000-01-01,realgovt,685.216
1972,2000-01-01,realdpi,8053.4
1973,2000-01-01,cpi,170.9
1974,2000-01-01,m1,1113.5
1975,2000-01-01,tbilrate,5.63
1976,2000-01-01,unemp,4.0
1977,2000-01-01,pop,281.653
1978,2000-01-01,infl,3.76
1979,2000-01-01,realint,1.87
1980,2000-04-01,realgdp,11258.454
1981,2000-04-01,realcons,7571.8
1982,2000-04-01,realinv,2018.529
1983,2000-04-01,realgovt,712.641
1984,2000-04-01,realdpi,8135.9
1985,2000-04-01,cpi,172.7
1986,2000-04-01,m1,1103.0
1987,2000-04-01,tbilrate,5.81
1988,2000-04-01,unemp,3.9
1989,2000-04-01,pop,282.385
1990,2000-04-01,infl,4.19
1991,2000-04-01,realint,1.62
1992,2000-07-01,realgdp,11267.867
1993,2000-07-01,realcons,7645.9
1994,2000-07-01,realinv,1986.956
1995,2000-07-01,realgovt,698.827
1996,2000-07-01,realdpi,8222.3
1997,2000-07-01,cpi,173.9
1998,2000-07-01,m1,1098.7
1999,2000-07-01,tbilrate,6.07
2000,2000-07-01,unemp,4.0
2001,2000-07-01,pop,283.19
2002,2000-07-01,infl,2.77
2003,2000-07-01,realint,3.3
2004,2000-10-01,realgdp,11334.544
2005,2000-10-01,realcons,7713.5
2006,2000-10-01,realinv,1987.845
2007,2000-10-01,realgovt,695.597
2008,2000-10-01,realdpi,8234.6
2009,2000-10-01,cpi,175.6
2010,2000-10-01,m1,1097.7
2011,2000-10-01,tbilrate,5.7
2012,2000-10-01,unemp,3.9
2013,2000-10-01,pop,283.9
2014,2000-10-01,infl,3.89
2015,2000-10-01,realint,1.81
2016,2001-01-01,realgdp,11297.171
2017,2001-01-01,realcons,7744.3
2018,2001-01-01,realinv,1882.691
2019,2001-01-01,realgovt,710.403
2020,2001-01-01,realdpi,8296.5
2021,2001-01-01,cpi,176.4
2022,2001-01-01,m1,1114.9
2023,2001-01-01,tbilrate,4.39
2024,2001-01-01,unemp,4.2
2025,2001-01-01,pop,284.55
2026,2001-01-01,infl,1.82
2027,2001-01-01,realint,2.57
2028,2001-04-01,realgdp,11371.251
2029,2001-04-01,realcons,7773.5
2030,2001-04-01,realinv,1876.65
2031,2001-04-01,realgovt,725.623
2032,2001-04-01,realdpi,8273.7
2033,2001-04-01,cpi,177.4
2034,2001-04-01,m1,1139.7
2035,2001-04-01,tbilrate,3.54
2036,2001-04-01,unemp,4.4
2037,2001-04-01,pop,285.267
2038,2001-04-01,infl,2.26
2039,2001-04-01,realint,1.28
2040,2001-07-01,realgdp,11340.075
2041,2001-07-01,realcons,7807.7
2042,2001-07-01,realinv,1837.074
2043,2001-07-01,realgovt,730.493
2044,2001-07-01,realdpi,8484.5
2045,2001-07-01,cpi,177.6
2046,2001-07-01,m1,1166.0
2047,2001-07-01,tbilrate,2.72
2048,2001-07-01,unemp,4.8
2049,2001-07-01,pop,286.047
2050,2001-07-01,infl,0.45
2051,2001-07-01,realint,2.27
2052,2001-10-01,realgdp,11380.128
2053,2001-10-01,realcons,7930.0
2054,2001-10-01,realinv,1731.189
2055,2001-10-01,realgovt,739.318
2056,2001-10-01,realdpi,8385.5
2057,2001-10-01,cpi,177.7
2058,2001-10-01,m1,1190.9
2059,2001-10-01,tbilrate,1.74
2060,2001-10-01,unemp,5.5
2061,2001-10-01,pop,286.728
2062,2001-10-01,infl,0.23
2063,2001-10-01,realint,1.51
2064,2002-01-01,realgdp,11477.868
2065,2002-01-01,realcons,7957.3
2066,2002-01-01,realinv,1789.327
2067,2002-01-01,realgovt,756.915
2068,2002-01-01,realdpi,8611.6
2069,2002-01-01,cpi,179.3
2070,2002-01-01,m1,1185.9
2071,2002-01-01,tbilrate,1.75
2072,2002-01-01,unemp,5.7
2073,2002-01-01,pop,287.328
2074,2002-01-01,infl,3.59
2075,2002-01-01,realint,-1.84
2076,2002-04-01,realgdp,11538.77
2077,2002-04-01,realcons,7997.8
2078,2002-04-01,realinv,1810.779
2079,2002-04-01,realgovt,774.408
2080,2002-04-01,realdpi,8658.9
2081,2002-04-01,cpi,180.0
2082,2002-04-01,m1,1199.5
2083,2002-04-01,tbilrate,1.7
2084,2002-04-01,unemp,5.8
2085,2002-04-01,pop,288.028
2086,2002-04-01,infl,1.56
2087,2002-04-01,realint,0.14
2088,2002-07-01,realgdp,11596.43
2089,2002-07-01,realcons,8052.0
2090,2002-07-01,realinv,1814.531
2091,2002-07-01,realgovt,786.673
2092,2002-07-01,realdpi,8629.2
2093,2002-07-01,cpi,181.2
2094,2002-07-01,m1,1204.0
2095,2002-07-01,tbilrate,1.61
2096,2002-07-01,unemp,5.7
2097,2002-07-01,pop,288.783
2098,2002-07-01,infl,2.66
2099,2002-07-01,realint,-1.05
2100,2002-10-01,realgdp,11598.824
2101,2002-10-01,realcons,8080.6
2102,2002-10-01,realinv,1813.219
2103,2002-10-01,realgovt,799.967
2104,2002-10-01,realdpi,8649.6
2105,2002-10-01,cpi,182.6
2106,2002-10-01,m1,1226.8
2107,2002-10-01,tbilrate,1.2
2108,2002-10-01,unemp,5.8
2109,2002-10-01,pop,289.421
2110,2002-10-01,infl,3.08
2111,2002-10-01,realint,-1.88
2112,2003-01-01,realgdp,11645.819
2113,2003-01-01,realcons,8122.3
2114,2003-01-01,realinv,1813.141
2115,2003-01-01,realgovt,800.196
2116,2003-01-01,realdpi,8681.3
2117,2003-01-01,cpi,183.2
2118,2003-01-01,m1,1248.4
2119,2003-01-01,tbilrate,1.14
2120,2003-01-01,unemp,5.9
2121,2003-01-01,pop,290.019
2122,2003-01-01,infl,1.31
2123,2003-01-01,realint,-0.17
2124,2003-04-01,realgdp,11738.706
2125,2003-04-01,realcons,8197.8
2126,2003-04-01,realinv,1823.698
2127,2003-04-01,realgovt,838.775
2128,2003-04-01,realdpi,8812.5
2129,2003-04-01,cpi,183.7
2130,2003-04-01,m1,1287.9
2131,2003-04-01,tbilrate,0.96
2132,2003-04-01,unemp,6.2
2133,2003-04-01,pop,290.704
2134,2003-04-01,infl,1.09
2135,2003-04-01,realint,-0.13
2136,2003-07-01,realgdp,11935.461
2137,2003-07-01,realcons,8312.1
2138,2003-07-01,realinv,1889.883
2139,2003-07-01,realgovt,839.598
2140,2003-07-01,realdpi,8935.4
2141,2003-07-01,cpi,184.9
2142,2003-07-01,m1,1297.3
2143,2003-07-01,tbilrate,0.94
2144,2003-07-01,unemp,6.1
2145,2003-07-01,pop,291.449
2146,2003-07-01,infl,2.6
2147,2003-07-01,realint,-1.67
2148,2003-10-01,realgdp,12042.817
2149,2003-10-01,realcons,8358.0
2150,2003-10-01,realinv,1959.783
2151,2003-10-01,realgovt,845.722
2152,2003-10-01,realdpi,8986.4
2153,2003-10-01,cpi,186.3
2154,2003-10-01,m1,1306.1
2155,2003-10-01,tbilrate,0.9
2156,2003-10-01,unemp,5.8
2157,2003-10-01,pop,292.057
2158,2003-10-01,infl,3.02
2159,2003-10-01,realint,-2.11
2160,2004-01-01,realgdp,12127.623
2161,2004-01-01,realcons,8437.6
2162,2004-01-01,realinv,1970.015
2163,2004-01-01,realgovt,856.57
2164,2004-01-01,realdpi,9025.9
2165,2004-01-01,cpi,187.4
2166,2004-01-01,m1,1332.1
2167,2004-01-01,tbilrate,0.94
2168,2004-01-01,unemp,5.7
2169,2004-01-01,pop,292.635
2170,2004-01-01,infl,2.35
2171,2004-01-01,realint,-1.42
2172,2004-04-01,realgdp,12213.818
2173,2004-04-01,realcons,8483.2
2174,2004-04-01,realinv,2055.58
2175,2004-04-01,realgovt,861.44
2176,2004-04-01,realdpi,9115.0
2177,2004-04-01,cpi,189.1
2178,2004-04-01,m1,1340.5
2179,2004-04-01,tbilrate,1.21
2180,2004-04-01,unemp,5.6
2181,2004-04-01,pop,293.31
2182,2004-04-01,infl,3.61
2183,2004-04-01,realint,-2.41
2184,2004-07-01,realgdp,12303.533
2185,2004-07-01,realcons,8555.8
2186,2004-07-01,realinv,2082.231
2187,2004-07-01,realgovt,876.385
2188,2004-07-01,realdpi,9175.9
2189,2004-07-01,cpi,190.8
2190,2004-07-01,m1,1361.0
2191,2004-07-01,tbilrate,1.63
2192,2004-07-01,unemp,5.4
2193,2004-07-01,pop,294.066
2194,2004-07-01,infl,3.58
2195,2004-07-01,realint,-1.95
2196,2004-10-01,realgdp,12410.282
2197,2004-10-01,realcons,8654.2
2198,2004-10-01,realinv,2125.152
2199,2004-10-01,realgovt,865.596
2200,2004-10-01,realdpi,9303.4
2201,2004-10-01,cpi,191.8
2202,2004-10-01,m1,1366.6
2203,2004-10-01,tbilrate,2.2
2204,2004-10-01,unemp,5.4
2205,2004-10-01,pop,294.741
2206,2004-10-01,infl,2.09
2207,2004-10-01,realint,0.11
2208,2005-01-01,realgdp,12534.113
2209,2005-01-01,realcons,8719.0
2210,2005-01-01,realinv,2170.299
2211,2005-01-01,realgovt,869.204
2212,2005-01-01,realdpi,9189.6
2213,2005-01-01,cpi,193.8
2214,2005-01-01,m1,1357.8
2215,2005-01-01,tbilrate,2.69
2216,2005-01-01,unemp,5.3
2217,2005-01-01,pop,295.308
2218,2005-01-01,infl,4.15
2219,2005-01-01,realint,-1.46
2220,2005-04-01,realgdp,12587.535
2221,2005-04-01,realcons,8802.9
2222,2005-04-01,realinv,2131.468
2223,2005-04-01,realgovt,870.044
2224,2005-04-01,realdpi,9253.0
2225,2005-04-01,cpi,194.7
2226,2005-04-01,m1,1366.6
2227,2005-04-01,tbilrate,3.01
2228,2005-04-01,unemp,5.1
2229,2005-04-01,pop,295.994
2230,2005-04-01,infl,1.85
2231,2005-04-01,realint,1.16
2232,2005-07-01,realgdp,12683.153
2233,2005-07-01,realcons,8865.6
2234,2005-07-01,realinv,2154.949
2235,2005-07-01,realgovt,890.394
2236,2005-07-01,realdpi,9308.0
2237,2005-07-01,cpi,199.2
2238,2005-07-01,m1,1375.0
2239,2005-07-01,tbilrate,3.52
2240,2005-07-01,unemp,5.0
2241,2005-07-01,pop,296.77
2242,2005-07-01,infl,9.14
2243,2005-07-01,realint,-5.62
2244,2005-10-01,realgdp,12748.699
2245,2005-10-01,realcons,8888.5
2246,2005-10-01,realinv,2232.193
2247,2005-10-01,realgovt,875.557
2248,2005-10-01,realdpi,9358.7
2249,2005-10-01,cpi,199.4
2250,2005-10-01,m1,1380.6
2251,2005-10-01,tbilrate,4.0
2252,2005-10-01,unemp,4.9
2253,2005-10-01,pop,297.435
2254,2005-10-01,infl,0.4
2255,2005-10-01,realint,3.6
2256,2006-01-01,realgdp,12915.938
2257,2006-01-01,realcons,8986.6
2258,2006-01-01,realinv,2264.721
2259,2006-01-01,realgovt,900.511
2260,2006-01-01,realdpi,9533.8
2261,2006-01-01,cpi,200.7
2262,2006-01-01,m1,1380.5
2263,2006-01-01,tbilrate,4.51
2264,2006-01-01,unemp,4.7
2265,2006-01-01,pop,298.061
2266,2006-01-01,infl,2.6
2267,2006-01-01,realint,1.91
2268,2006-04-01,realgdp,12962.462
2269,2006-04-01,realcons,9035.0
2270,2006-04-01,realinv,2261.247
2271,2006-04-01,realgovt,892.839
2272,2006-04-01,realdpi,9617.3
2273,2006-04-01,cpi,202.7
2274,2006-04-01,m1,1369.2
2275,2006-04-01,tbilrate,4.82
2276,2006-04-01,unemp,4.7
2277,2006-04-01,pop,298.766
2278,2006-04-01,infl,3.97
2279,2006-04-01,realint,0.85
2280,2006-07-01,realgdp,12965.916
2281,2006-07-01,realcons,9090.7
2282,2006-07-01,realinv,2229.636
2283,2006-07-01,realgovt,892.002
2284,2006-07-01,realdpi,9662.5
2285,2006-07-01,cpi,201.9
2286,2006-07-01,m1,1369.4
2287,2006-07-01,tbilrate,4.9
2288,2006-07-01,unemp,4.7
2289,2006-07-01,pop,299.593
2290,2006-07-01,infl,-1.58
2291,2006-07-01,realint,6.48
2292,2006-10-01,realgdp,13060.679
2293,2006-10-01,realcons,9181.6
2294,2006-10-01,realinv,2165.966
2295,2006-10-01,realgovt,894.404
2296,2006-10-01,realdpi,9788.8
2297,2006-10-01,cpi,203.574
2298,2006-10-01,m1,1373.6
2299,2006-10-01,tbilrate,4.92
2300,2006-10-01,unemp,4.4
2301,2006-10-01,pop,300.32
2302,2006-10-01,infl,3.3
2303,2006-10-01,realint,1.62
2304,2007-01-01,realgdp,13099.901
2305,2007-01-01,realcons,9265.1
2306,2007-01-01,realinv,2132.609
2307,2007-01-01,realgovt,882.766
2308,2007-01-01,realdpi,9830.2
2309,2007-01-01,cpi,205.92
2310,2007-01-01,m1,1379.7
2311,2007-01-01,tbilrate,4.95
2312,2007-01-01,unemp,4.5
2313,2007-01-01,pop,300.977
2314,2007-01-01,infl,4.58
2315,2007-01-01,realint,0.36
2316,2007-04-01,realgdp,13203.977
2317,2007-04-01,realcons,9291.5
2318,2007-04-01,realinv,2162.214
2319,2007-04-01,realgovt,898.713
2320,2007-04-01,realdpi,9842.7
2321,2007-04-01,cpi,207.338
2322,2007-04-01,m1,1370.0
2323,2007-04-01,tbilrate,4.72
2324,2007-04-01,unemp,4.5
2325,2007-04-01,pop,301.714
2326,2007-04-01,infl,2.75
2327,2007-04-01,realint,1.97
2328,2007-07-01,realgdp,13321.109
2329,2007-07-01,realcons,9335.6
2330,2007-07-01,realinv,2166.491
2331,2007-07-01,realgovt,918.983
2332,2007-07-01,realdpi,9883.9
2333,2007-07-01,cpi,209.133
2334,2007-07-01,m1,1379.2
2335,2007-07-01,tbilrate,4.0
2336,2007-07-01,unemp,4.7
2337,2007-07-01,pop,302.509
2338,2007-07-01,infl,3.45
2339,2007-07-01,realint,0.55
2340,2007-10-01,realgdp,13391.249
2341,2007-10-01,realcons,9363.6
2342,2007-10-01,realinv,2123.426
2343,2007-10-01,realgovt,925.11
2344,2007-10-01,realdpi,9886.2
2345,2007-10-01,cpi,212.495
2346,2007-10-01,m1,1377.4
2347,2007-10-01,tbilrate,3.01
2348,2007-10-01,unemp,4.8
2349,2007-10-01,pop,303.204
2350,2007-10-01,infl,6.38
2351,2007-10-01,realint,-3.37
2352,2008-01-01,realgdp,13366.865
2353,2008-01-01,realcons,9349.6
2354,2008-01-01,realinv,2082.886
2355,2008-01-01,realgovt,943.372
2356,2008-01-01,realdpi,9826.8
2357,2008-01-01,cpi,213.997
2358,2008-01-01,m1,1384.0
2359,2008-01-01,tbilrate,1.56
2360,2008-01-01,unemp,4.9
2361,2008-01-01,pop,303.803
2362,2008-01-01,infl,2.82
2363,2008-01-01,realint,-1.26
2364,2008-04-01,realgdp,13415.266
2365,2008-04-01,realcons,9351.0
2366,2008-04-01,realinv,2026.518
2367,2008-04-01,realgovt,961.28
2368,2008-04-01,realdpi,10059.0
2369,2008-04-01,cpi,218.61
2370,2008-04-01,m1,1409.3
2371,2008-04-01,tbilrate,1.74
2372,2008-04-01,unemp,5.4
2373,2008-04-01,pop,304.483
2374,2008-04-01,infl,8.53
2375,2008-04-01,realint,-6.79
2376,2008-07-01,realgdp,13324.6
2377,2008-07-01,realcons,9267.7
2378,2008-07-01,realinv,1990.693
2379,2008-07-01,realgovt,991.551
2380,2008-07-01,realdpi,9838.3
2381,2008-07-01,cpi,216.889
2382,2008-07-01,m1,1474.7
2383,2008-07-01,tbilrate,1.17
2384,2008-07-01,unemp,6.0
2385,2008-07-01,pop,305.27
2386,2008-07-01,infl,-3.16
2387,2008-07-01,realint,4.33
2388,2008-10-01,realgdp,13141.92
2389,2008-10-01,realcons,9195.3
2390,2008-10-01,realinv,1857.661
2391,2008-10-01,realgovt,1007.273
2392,2008-10-01,realdpi,9920.4
2393,2008-10-01,cpi,212.174
2394,2008-10-01,m1,1576.5
2395,2008-10-01,tbilrate,0.12
2396,2008-10-01,unemp,6.9
2397,2008-10-01,pop,305.952
2398,2008-10-01,infl,-8.79
2399,2008-10-01,realint,8.91
2400,2009-01-01,realgdp,12925.41
2401,2009-01-01,realcons,9209.2
2402,2009-01-01,realinv,1558.494
2403,2009-01-01,realgovt,996.287
2404,2009-01-01,realdpi,9926.4
2405,2009-01-01,cpi,212.671
2406,2009-01-01,m1,1592.8
2407,2009-01-01,tbilrate,0.22
2408,2009-01-01,unemp,8.1
2409,2009-01-01,pop,306.547
2410,2009-01-01,infl,0.94
2411,2009-01-01,realint,-0.71
2412,2009-04-01,realgdp,12901.504
2413,2009-04-01,realcons,9189.0
2414,2009-04-01,realinv,1456.678
2415,2009-04-01,realgovt,1023.528
2416,2009-04-01,realdpi,10077.5
2417,2009-04-01,cpi,214.469
2418,2009-04-01,m1,1653.6
2419,2009-04-01,tbilrate,0.18
2420,2009-04-01,unemp,9.2
2421,2009-04-01,pop,307.226
2422,2009-04-01,infl,3.37
2423,2009-04-01,realint,-3.19
2424,2009-07-01,realgdp,12990.341
2425,2009-07-01,realcons,9256.0
2426,2009-07-01,realinv,1486.398
2427,2009-07-01,realgovt,1044.088
2428,2009-07-01,realdpi,10040.6
2429,2009-07-01,cpi,216.385
2430,2009-07-01,m1,1673.9
2431,2009-07-01,tbilrate,0.12
2432,2009-07-01,unemp,9.6
2433,2009-07-01,pop,308.013
2434,2009-07-01,infl,3.56
2435,2009-07-01,realint,-3.44
